"regiao","estado","data","casosNovos","casosAcumulados","obitosNovos","obitosAcumulado"
"Norte","RO",2020-01-30,0,0,0,0
"Norte","RO",2020-01-31,0,0,0,0
"Norte","RO",2020-02-01,0,0,0,0
"Norte","RO",2020-02-02,0,0,0,0
"Norte","RO",2020-02-03,0,0,0,0
"Norte","RO",2020-02-04,0,0,0,0
"Norte","RO",2020-02-05,0,0,0,0
"Norte","RO",2020-02-06,0,0,0,0
"Norte","RO",2020-02-07,0,0,0,0
"Norte","RO",2020-02-08,0,0,0,0
"Norte","RO",2020-02-09,0,0,0,0
"Norte","RO",2020-02-10,0,0,0,0
"Norte","RO",2020-02-11,0,0,0,0
"Norte","RO",2020-02-12,0,0,0,0
"Norte","RO",2020-02-13,0,0,0,0
"Norte","RO",2020-02-14,0,0,0,0
"Norte","RO",2020-02-15,0,0,0,0
"Norte","RO",2020-02-16,0,0,0,0
"Norte","RO",2020-02-17,0,0,0,0
"Norte","RO",2020-02-18,0,0,0,0
"Norte","RO",2020-02-19,0,0,0,0
"Norte","RO",2020-02-20,0,0,0,0
"Norte","RO",2020-02-21,0,0,0,0
"Norte","RO",2020-02-22,0,0,0,0
"Norte","RO",2020-02-23,0,0,0,0
"Norte","RO",2020-02-24,0,0,0,0
"Norte","RO",2020-02-25,0,0,0,0
"Norte","RO",2020-02-26,0,0,0,0
"Norte","RO",2020-02-27,0,0,0,0
"Norte","RO",2020-02-28,0,0,0,0
"Norte","RO",2020-02-29,0,0,0,0
"Norte","RO",2020-03-01,0,0,0,0
"Norte","RO",2020-03-02,0,0,0,0
"Norte","RO",2020-03-03,0,0,0,0
"Norte","RO",2020-03-04,0,0,0,0
"Norte","RO",2020-03-05,0,0,0,0
"Norte","RO",2020-03-06,0,0,0,0
"Norte","RO",2020-03-07,0,0,0,0
"Norte","RO",2020-03-08,0,0,0,0
"Norte","RO",2020-03-09,0,0,0,0
"Norte","RO",2020-03-10,0,0,0,0
"Norte","RO",2020-03-11,0,0,0,0
"Norte","RO",2020-03-12,0,0,0,0
"Norte","RO",2020-03-13,0,0,0,0
"Norte","RO",2020-03-14,0,0,0,0
"Norte","RO",2020-03-15,0,0,0,0
"Norte","RO",2020-03-16,0,0,0,0
"Norte","RO",2020-03-17,0,0,0,0
"Norte","RO",2020-03-18,0,0,0,0
"Norte","RO",2020-03-19,0,0,0,0
"Norte","RO",2020-03-20,1,1,0,0
"Norte","RO",2020-03-21,0,1,0,0
"Norte","RO",2020-03-22,2,3,0,0
"Norte","RO",2020-03-23,0,3,0,0
"Norte","RO",2020-03-24,0,3,0,0
"Norte","RO",2020-03-25,2,5,0,0
"Norte","RO",2020-03-26,0,5,0,0
"Norte","RO",2020-03-27,1,6,0,0
"Norte","RO",2020-03-28,0,6,0,0
"Norte","RO",2020-03-29,0,6,0,0
"Norte","RO",2020-03-30,0,6,0,0
"Norte","RO",2020-03-31,2,8,1,1
"Norte","RO",2020-04-01,1,9,0,1
"Norte","AC",2020-01-30,0,0,0,0
"Norte","AC",2020-01-31,0,0,0,0
"Norte","AC",2020-02-01,0,0,0,0
"Norte","AC",2020-02-02,0,0,0,0
"Norte","AC",2020-02-03,0,0,0,0
"Norte","AC",2020-02-04,0,0,0,0
"Norte","AC",2020-02-05,0,0,0,0
"Norte","AC",2020-02-06,0,0,0,0
"Norte","AC",2020-02-07,0,0,0,0
"Norte","AC",2020-02-08,0,0,0,0
"Norte","AC",2020-02-09,0,0,0,0
"Norte","AC",2020-02-10,0,0,0,0
"Norte","AC",2020-02-11,0,0,0,0
"Norte","AC",2020-02-12,0,0,0,0
"Norte","AC",2020-02-13,0,0,0,0
"Norte","AC",2020-02-14,0,0,0,0
"Norte","AC",2020-02-15,0,0,0,0
"Norte","AC",2020-02-16,0,0,0,0
"Norte","AC",2020-02-17,0,0,0,0
"Norte","AC",2020-02-18,0,0,0,0
"Norte","AC",2020-02-19,0,0,0,0
"Norte","AC",2020-02-20,0,0,0,0
"Norte","AC",2020-02-21,0,0,0,0
"Norte","AC",2020-02-22,0,0,0,0
"Norte","AC",2020-02-23,0,0,0,0
"Norte","AC",2020-02-24,0,0,0,0
"Norte","AC",2020-02-25,0,0,0,0
"Norte","AC",2020-02-26,0,0,0,0
"Norte","AC",2020-02-27,0,0,0,0
"Norte","AC",2020-02-28,0,0,0,0
"Norte","AC",2020-02-29,0,0,0,0
"Norte","AC",2020-03-01,0,0,0,0
"Norte","AC",2020-03-02,0,0,0,0
"Norte","AC",2020-03-03,0,0,0,0
"Norte","AC",2020-03-04,0,0,0,0
"Norte","AC",2020-03-05,0,0,0,0
"Norte","AC",2020-03-06,0,0,0,0
"Norte","AC",2020-03-07,0,0,0,0
"Norte","AC",2020-03-08,0,0,0,0
"Norte","AC",2020-03-09,0,0,0,0
"Norte","AC",2020-03-10,0,0,0,0
"Norte","AC",2020-03-11,0,0,0,0
"Norte","AC",2020-03-12,0,0,0,0
"Norte","AC",2020-03-13,0,0,0,0
"Norte","AC",2020-03-14,0,0,0,0
"Norte","AC",2020-03-15,0,0,0,0
"Norte","AC",2020-03-16,0,0,0,0
"Norte","AC",2020-03-17,0,0,0,0
"Norte","AC",2020-03-18,0,0,0,0
"Norte","AC",2020-03-19,3,3,0,0
"Norte","AC",2020-03-20,4,7,0,0
"Norte","AC",2020-03-21,2,9,0,0
"Norte","AC",2020-03-22,2,11,0,0
"Norte","AC",2020-03-23,0,11,0,0
"Norte","AC",2020-03-24,6,17,0,0
"Norte","AC",2020-03-25,6,23,0,0
"Norte","AC",2020-03-26,1,24,0,0
"Norte","AC",2020-03-27,1,25,0,0
"Norte","AC",2020-03-28,0,25,0,0
"Norte","AC",2020-03-29,9,34,0,0
"Norte","AC",2020-03-30,8,42,0,0
"Norte","AC",2020-03-31,0,42,0,0
"Norte","AC",2020-04-01,1,43,0,0
"Norte","AM",2020-01-30,0,0,0,0
"Norte","AM",2020-01-31,0,0,0,0
"Norte","AM",2020-02-01,0,0,0,0
"Norte","AM",2020-02-02,0,0,0,0
"Norte","AM",2020-02-03,0,0,0,0
"Norte","AM",2020-02-04,0,0,0,0
"Norte","AM",2020-02-05,0,0,0,0
"Norte","AM",2020-02-06,0,0,0,0
"Norte","AM",2020-02-07,0,0,0,0
"Norte","AM",2020-02-08,0,0,0,0
"Norte","AM",2020-02-09,0,0,0,0
"Norte","AM",2020-02-10,0,0,0,0
"Norte","AM",2020-02-11,0,0,0,0
"Norte","AM",2020-02-12,0,0,0,0
"Norte","AM",2020-02-13,0,0,0,0
"Norte","AM",2020-02-14,0,0,0,0
"Norte","AM",2020-02-15,0,0,0,0
"Norte","AM",2020-02-16,0,0,0,0
"Norte","AM",2020-02-17,0,0,0,0
"Norte","AM",2020-02-18,0,0,0,0
"Norte","AM",2020-02-19,0,0,0,0
"Norte","AM",2020-02-20,0,0,0,0
"Norte","AM",2020-02-21,0,0,0,0
"Norte","AM",2020-02-22,0,0,0,0
"Norte","AM",2020-02-23,0,0,0,0
"Norte","AM",2020-02-24,0,0,0,0
"Norte","AM",2020-02-25,0,0,0,0
"Norte","AM",2020-02-26,0,0,0,0
"Norte","AM",2020-02-27,0,0,0,0
"Norte","AM",2020-02-28,0,0,0,0
"Norte","AM",2020-02-29,0,0,0,0
"Norte","AM",2020-03-01,0,0,0,0
"Norte","AM",2020-03-02,0,0,0,0
"Norte","AM",2020-03-03,0,0,0,0
"Norte","AM",2020-03-04,0,0,0,0
"Norte","AM",2020-03-05,0,0,0,0
"Norte","AM",2020-03-06,0,0,0,0
"Norte","AM",2020-03-07,0,0,0,0
"Norte","AM",2020-03-08,0,0,0,0
"Norte","AM",2020-03-09,0,0,0,0
"Norte","AM",2020-03-10,0,0,0,0
"Norte","AM",2020-03-11,0,0,0,0
"Norte","AM",2020-03-12,0,0,0,0
"Norte","AM",2020-03-13,0,0,0,0
"Norte","AM",2020-03-14,0,0,0,0
"Norte","AM",2020-03-15,1,1,0,0
"Norte","AM",2020-03-16,0,1,0,0
"Norte","AM",2020-03-17,0,1,0,0
"Norte","AM",2020-03-18,0,1,0,0
"Norte","AM",2020-03-19,2,3,0,0
"Norte","AM",2020-03-20,0,3,0,0
"Norte","AM",2020-03-21,8,11,0,0
"Norte","AM",2020-03-22,15,26,0,0
"Norte","AM",2020-03-23,6,32,0,0
"Norte","AM",2020-03-24,15,47,0,0
"Norte","AM",2020-03-25,7,54,1,1
"Norte","AM",2020-03-26,13,67,0,1
"Norte","AM",2020-03-27,14,81,0,1
"Norte","AM",2020-03-28,30,111,0,1
"Norte","AM",2020-03-29,29,140,0,1
"Norte","AM",2020-03-30,11,151,0,1
"Norte","AM",2020-03-31,24,175,2,3
"Norte","AM",2020-04-01,25,200,0,3
"Norte","RR",2020-01-30,0,0,0,0
"Norte","RR",2020-01-31,0,0,0,0
"Norte","RR",2020-02-01,0,0,0,0
"Norte","RR",2020-02-02,0,0,0,0
"Norte","RR",2020-02-03,0,0,0,0
"Norte","RR",2020-02-04,0,0,0,0
"Norte","RR",2020-02-05,0,0,0,0
"Norte","RR",2020-02-06,0,0,0,0
"Norte","RR",2020-02-07,0,0,0,0
"Norte","RR",2020-02-08,0,0,0,0
"Norte","RR",2020-02-09,0,0,0,0
"Norte","RR",2020-02-10,0,0,0,0
"Norte","RR",2020-02-11,0,0,0,0
"Norte","RR",2020-02-12,0,0,0,0
"Norte","RR",2020-02-13,0,0,0,0
"Norte","RR",2020-02-14,0,0,0,0
"Norte","RR",2020-02-15,0,0,0,0
"Norte","RR",2020-02-16,0,0,0,0
"Norte","RR",2020-02-17,0,0,0,0
"Norte","RR",2020-02-18,0,0,0,0
"Norte","RR",2020-02-19,0,0,0,0
"Norte","RR",2020-02-20,0,0,0,0
"Norte","RR",2020-02-21,0,0,0,0
"Norte","RR",2020-02-22,0,0,0,0
"Norte","RR",2020-02-23,0,0,0,0
"Norte","RR",2020-02-24,0,0,0,0
"Norte","RR",2020-02-25,0,0,0,0
"Norte","RR",2020-02-26,0,0,0,0
"Norte","RR",2020-02-27,0,0,0,0
"Norte","RR",2020-02-28,0,0,0,0
"Norte","RR",2020-02-29,0,0,0,0
"Norte","RR",2020-03-01,0,0,0,0
"Norte","RR",2020-03-02,0,0,0,0
"Norte","RR",2020-03-03,0,0,0,0
"Norte","RR",2020-03-04,0,0,0,0
"Norte","RR",2020-03-05,0,0,0,0
"Norte","RR",2020-03-06,0,0,0,0
"Norte","RR",2020-03-07,0,0,0,0
"Norte","RR",2020-03-08,0,0,0,0
"Norte","RR",2020-03-09,0,0,0,0
"Norte","RR",2020-03-10,0,0,0,0
"Norte","RR",2020-03-11,0,0,0,0
"Norte","RR",2020-03-12,0,0,0,0
"Norte","RR",2020-03-13,0,0,0,0
"Norte","RR",2020-03-14,0,0,0,0
"Norte","RR",2020-03-15,0,0,0,0
"Norte","RR",2020-03-16,0,0,0,0
"Norte","RR",2020-03-17,0,0,0,0
"Norte","RR",2020-03-18,0,0,0,0
"Norte","RR",2020-03-19,0,0,0,0
"Norte","RR",2020-03-20,0,0,0,0
"Norte","RR",2020-03-21,0,0,0,0
"Norte","RR",2020-03-22,2,2,0,0
"Norte","RR",2020-03-23,0,2,0,0
"Norte","RR",2020-03-24,0,2,0,0
"Norte","RR",2020-03-25,6,8,0,0
"Norte","RR",2020-03-26,0,8,0,0
"Norte","RR",2020-03-27,2,10,0,0
"Norte","RR",2020-03-28,2,12,0,0
"Norte","RR",2020-03-29,4,16,0,0
"Norte","RR",2020-03-30,0,16,0,0
"Norte","RR",2020-03-31,0,16,0,0
"Norte","RR",2020-04-01,6,22,0,0
"Norte","PA",2020-01-30,0,0,0,0
"Norte","PA",2020-01-31,0,0,0,0
"Norte","PA",2020-02-01,0,0,0,0
"Norte","PA",2020-02-02,0,0,0,0
"Norte","PA",2020-02-03,0,0,0,0
"Norte","PA",2020-02-04,0,0,0,0
"Norte","PA",2020-02-05,0,0,0,0
"Norte","PA",2020-02-06,0,0,0,0
"Norte","PA",2020-02-07,0,0,0,0
"Norte","PA",2020-02-08,0,0,0,0
"Norte","PA",2020-02-09,0,0,0,0
"Norte","PA",2020-02-10,0,0,0,0
"Norte","PA",2020-02-11,0,0,0,0
"Norte","PA",2020-02-12,0,0,0,0
"Norte","PA",2020-02-13,0,0,0,0
"Norte","PA",2020-02-14,0,0,0,0
"Norte","PA",2020-02-15,0,0,0,0
"Norte","PA",2020-02-16,0,0,0,0
"Norte","PA",2020-02-17,0,0,0,0
"Norte","PA",2020-02-18,0,0,0,0
"Norte","PA",2020-02-19,0,0,0,0
"Norte","PA",2020-02-20,0,0,0,0
"Norte","PA",2020-02-21,0,0,0,0
"Norte","PA",2020-02-22,0,0,0,0
"Norte","PA",2020-02-23,0,0,0,0
"Norte","PA",2020-02-24,0,0,0,0
"Norte","PA",2020-02-25,0,0,0,0
"Norte","PA",2020-02-26,0,0,0,0
"Norte","PA",2020-02-27,0,0,0,0
"Norte","PA",2020-02-28,0,0,0,0
"Norte","PA",2020-02-29,0,0,0,0
"Norte","PA",2020-03-01,0,0,0,0
"Norte","PA",2020-03-02,0,0,0,0
"Norte","PA",2020-03-03,0,0,0,0
"Norte","PA",2020-03-04,0,0,0,0
"Norte","PA",2020-03-05,0,0,0,0
"Norte","PA",2020-03-06,0,0,0,0
"Norte","PA",2020-03-07,0,0,0,0
"Norte","PA",2020-03-08,0,0,0,0
"Norte","PA",2020-03-09,0,0,0,0
"Norte","PA",2020-03-10,0,0,0,0
"Norte","PA",2020-03-11,0,0,0,0
"Norte","PA",2020-03-12,0,0,0,0
"Norte","PA",2020-03-13,0,0,0,0
"Norte","PA",2020-03-14,0,0,0,0
"Norte","PA",2020-03-15,0,0,0,0
"Norte","PA",2020-03-16,0,0,0,0
"Norte","PA",2020-03-17,0,0,0,0
"Norte","PA",2020-03-18,0,0,0,0
"Norte","PA",2020-03-19,1,1,0,0
"Norte","PA",2020-03-20,1,2,0,0
"Norte","PA",2020-03-21,0,2,0,0
"Norte","PA",2020-03-22,2,4,0,0
"Norte","PA",2020-03-23,1,5,0,0
"Norte","PA",2020-03-24,0,5,0,0
"Norte","PA",2020-03-25,2,7,0,0
"Norte","PA",2020-03-26,6,13,0,0
"Norte","PA",2020-03-27,0,13,0,0
"Norte","PA",2020-03-28,4,17,0,0
"Norte","PA",2020-03-29,1,18,0,0
"Norte","PA",2020-03-30,3,21,0,0
"Norte","PA",2020-03-31,11,32,0,0
"Norte","PA",2020-04-01,8,40,0,0
"Norte","AP",2020-01-30,0,0,0,0
"Norte","AP",2020-01-31,0,0,0,0
"Norte","AP",2020-02-01,0,0,0,0
"Norte","AP",2020-02-02,0,0,0,0
"Norte","AP",2020-02-03,0,0,0,0
"Norte","AP",2020-02-04,0,0,0,0
"Norte","AP",2020-02-05,0,0,0,0
"Norte","AP",2020-02-06,0,0,0,0
"Norte","AP",2020-02-07,0,0,0,0
"Norte","AP",2020-02-08,0,0,0,0
"Norte","AP",2020-02-09,0,0,0,0
"Norte","AP",2020-02-10,0,0,0,0
"Norte","AP",2020-02-11,0,0,0,0
"Norte","AP",2020-02-12,0,0,0,0
"Norte","AP",2020-02-13,0,0,0,0
"Norte","AP",2020-02-14,0,0,0,0
"Norte","AP",2020-02-15,0,0,0,0
"Norte","AP",2020-02-16,0,0,0,0
"Norte","AP",2020-02-17,0,0,0,0
"Norte","AP",2020-02-18,0,0,0,0
"Norte","AP",2020-02-19,0,0,0,0
"Norte","AP",2020-02-20,0,0,0,0
"Norte","AP",2020-02-21,0,0,0,0
"Norte","AP",2020-02-22,0,0,0,0
"Norte","AP",2020-02-23,0,0,0,0
"Norte","AP",2020-02-24,0,0,0,0
"Norte","AP",2020-02-25,0,0,0,0
"Norte","AP",2020-02-26,0,0,0,0
"Norte","AP",2020-02-27,0,0,0,0
"Norte","AP",2020-02-28,0,0,0,0
"Norte","AP",2020-02-29,0,0,0,0
"Norte","AP",2020-03-01,0,0,0,0
"Norte","AP",2020-03-02,0,0,0,0
"Norte","AP",2020-03-03,0,0,0,0
"Norte","AP",2020-03-04,0,0,0,0
"Norte","AP",2020-03-05,0,0,0,0
"Norte","AP",2020-03-06,0,0,0,0
"Norte","AP",2020-03-07,0,0,0,0
"Norte","AP",2020-03-08,0,0,0,0
"Norte","AP",2020-03-09,0,0,0,0
"Norte","AP",2020-03-10,0,0,0,0
"Norte","AP",2020-03-11,0,0,0,0
"Norte","AP",2020-03-12,0,0,0,0
"Norte","AP",2020-03-13,0,0,0,0
"Norte","AP",2020-03-14,0,0,0,0
"Norte","AP",2020-03-15,0,0,0,0
"Norte","AP",2020-03-16,0,0,0,0
"Norte","AP",2020-03-17,0,0,0,0
"Norte","AP",2020-03-18,0,0,0,0
"Norte","AP",2020-03-19,0,0,0,0
"Norte","AP",2020-03-20,1,1,0,0
"Norte","AP",2020-03-21,0,1,0,0
"Norte","AP",2020-03-22,0,1,0,0
"Norte","AP",2020-03-23,0,1,0,0
"Norte","AP",2020-03-24,0,1,0,0
"Norte","AP",2020-03-25,0,1,0,0
"Norte","AP",2020-03-26,1,2,0,0
"Norte","AP",2020-03-27,0,2,0,0
"Norte","AP",2020-03-28,2,4,0,0
"Norte","AP",2020-03-29,0,4,0,0
"Norte","AP",2020-03-30,4,8,0,0
"Norte","AP",2020-03-31,2,10,0,0
"Norte","AP",2020-04-01,1,11,0,0
"Norte","TO",2020-01-30,0,0,0,0
"Norte","TO",2020-01-31,0,0,0,0
"Norte","TO",2020-02-01,0,0,0,0
"Norte","TO",2020-02-02,0,0,0,0
"Norte","TO",2020-02-03,0,0,0,0
"Norte","TO",2020-02-04,0,0,0,0
"Norte","TO",2020-02-05,0,0,0,0
"Norte","TO",2020-02-06,0,0,0,0
"Norte","TO",2020-02-07,0,0,0,0
"Norte","TO",2020-02-08,0,0,0,0
"Norte","TO",2020-02-09,0,0,0,0
"Norte","TO",2020-02-10,0,0,0,0
"Norte","TO",2020-02-11,0,0,0,0
"Norte","TO",2020-02-12,0,0,0,0
"Norte","TO",2020-02-13,0,0,0,0
"Norte","TO",2020-02-14,0,0,0,0
"Norte","TO",2020-02-15,0,0,0,0
"Norte","TO",2020-02-16,0,0,0,0
"Norte","TO",2020-02-17,0,0,0,0
"Norte","TO",2020-02-18,0,0,0,0
"Norte","TO",2020-02-19,0,0,0,0
"Norte","TO",2020-02-20,0,0,0,0
"Norte","TO",2020-02-21,0,0,0,0
"Norte","TO",2020-02-22,0,0,0,0
"Norte","TO",2020-02-23,0,0,0,0
"Norte","TO",2020-02-24,0,0,0,0
"Norte","TO",2020-02-25,0,0,0,0
"Norte","TO",2020-02-26,0,0,0,0
"Norte","TO",2020-02-27,0,0,0,0
"Norte","TO",2020-02-28,0,0,0,0
"Norte","TO",2020-02-29,0,0,0,0
"Norte","TO",2020-03-01,0,0,0,0
"Norte","TO",2020-03-02,0,0,0,0
"Norte","TO",2020-03-03,0,0,0,0
"Norte","TO",2020-03-04,0,0,0,0
"Norte","TO",2020-03-05,0,0,0,0
"Norte","TO",2020-03-06,0,0,0,0
"Norte","TO",2020-03-07,0,0,0,0
"Norte","TO",2020-03-08,0,0,0,0
"Norte","TO",2020-03-09,0,0,0,0
"Norte","TO",2020-03-10,0,0,0,0
"Norte","TO",2020-03-11,0,0,0,0
"Norte","TO",2020-03-12,0,0,0,0
"Norte","TO",2020-03-13,0,0,0,0
"Norte","TO",2020-03-14,0,0,0,0
"Norte","TO",2020-03-15,0,0,0,0
"Norte","TO",2020-03-16,0,0,0,0
"Norte","TO",2020-03-17,0,0,0,0
"Norte","TO",2020-03-18,0,0,0,0
"Norte","TO",2020-03-19,1,1,0,0
"Norte","TO",2020-03-20,0,1,0,0
"Norte","TO",2020-03-21,1,2,0,0
"Norte","TO",2020-03-22,0,2,0,0
"Norte","TO",2020-03-23,3,5,0,0
"Norte","TO",2020-03-24,2,7,0,0
"Norte","TO",2020-03-25,0,7,0,0
"Norte","TO",2020-03-26,0,7,0,0
"Norte","TO",2020-03-27,1,8,0,0
"Norte","TO",2020-03-28,1,9,0,0
"Norte","TO",2020-03-29,0,9,0,0
"Norte","TO",2020-03-30,1,10,0,0
"Norte","TO",2020-03-31,1,11,0,0
"Norte","TO",2020-04-01,1,12,0,0
"Nordeste","MA",2020-01-30,0,0,0,0
"Nordeste","MA",2020-01-31,0,0,0,0
"Nordeste","MA",2020-02-01,0,0,0,0
"Nordeste","MA",2020-02-02,0,0,0,0
"Nordeste","MA",2020-02-03,0,0,0,0
"Nordeste","MA",2020-02-04,0,0,0,0
"Nordeste","MA",2020-02-05,0,0,0,0
"Nordeste","MA",2020-02-06,0,0,0,0
"Nordeste","MA",2020-02-07,0,0,0,0
"Nordeste","MA",2020-02-08,0,0,0,0
"Nordeste","MA",2020-02-09,0,0,0,0
"Nordeste","MA",2020-02-10,0,0,0,0
"Nordeste","MA",2020-02-11,0,0,0,0
"Nordeste","MA",2020-02-12,0,0,0,0
"Nordeste","MA",2020-02-13,0,0,0,0
"Nordeste","MA",2020-02-14,0,0,0,0
"Nordeste","MA",2020-02-15,0,0,0,0
"Nordeste","MA",2020-02-16,0,0,0,0
"Nordeste","MA",2020-02-17,0,0,0,0
"Nordeste","MA",2020-02-18,0,0,0,0
"Nordeste","MA",2020-02-19,0,0,0,0
"Nordeste","MA",2020-02-20,0,0,0,0
"Nordeste","MA",2020-02-21,0,0,0,0
"Nordeste","MA",2020-02-22,0,0,0,0
"Nordeste","MA",2020-02-23,0,0,0,0
"Nordeste","MA",2020-02-24,0,0,0,0
"Nordeste","MA",2020-02-25,0,0,0,0
"Nordeste","MA",2020-02-26,0,0,0,0
"Nordeste","MA",2020-02-27,0,0,0,0
"Nordeste","MA",2020-02-28,0,0,0,0
"Nordeste","MA",2020-02-29,0,0,0,0
"Nordeste","MA",2020-03-01,0,0,0,0
"Nordeste","MA",2020-03-02,0,0,0,0
"Nordeste","MA",2020-03-03,0,0,0,0
"Nordeste","MA",2020-03-04,0,0,0,0
"Nordeste","MA",2020-03-05,0,0,0,0
"Nordeste","MA",2020-03-06,0,0,0,0
"Nordeste","MA",2020-03-07,0,0,0,0
"Nordeste","MA",2020-03-08,0,0,0,0
"Nordeste","MA",2020-03-09,0,0,0,0
"Nordeste","MA",2020-03-10,0,0,0,0
"Nordeste","MA",2020-03-11,0,0,0,0
"Nordeste","MA",2020-03-12,0,0,0,0
"Nordeste","MA",2020-03-13,0,0,0,0
"Nordeste","MA",2020-03-14,0,0,0,0
"Nordeste","MA",2020-03-15,0,0,0,0
"Nordeste","MA",2020-03-16,0,0,0,0
"Nordeste","MA",2020-03-17,0,0,0,0
"Nordeste","MA",2020-03-18,0,0,0,0
"Nordeste","MA",2020-03-19,0,0,0,0
"Nordeste","MA",2020-03-20,0,0,0,0
"Nordeste","MA",2020-03-21,1,1,0,0
"Nordeste","MA",2020-03-22,1,2,0,0
"Nordeste","MA",2020-03-23,0,2,0,0
"Nordeste","MA",2020-03-24,6,8,0,0
"Nordeste","MA",2020-03-25,0,8,0,0
"Nordeste","MA",2020-03-26,2,10,0,0
"Nordeste","MA",2020-03-27,3,13,0,0
"Nordeste","MA",2020-03-28,1,14,0,0
"Nordeste","MA",2020-03-29,2,16,0,0
"Nordeste","MA",2020-03-30,7,23,1,1
"Nordeste","MA",2020-03-31,8,31,0,1
"Nordeste","MA",2020-04-01,23,54,0,1
"Nordeste","PI",2020-01-30,0,0,0,0
"Nordeste","PI",2020-01-31,0,0,0,0
"Nordeste","PI",2020-02-01,0,0,0,0
"Nordeste","PI",2020-02-02,0,0,0,0
"Nordeste","PI",2020-02-03,0,0,0,0
"Nordeste","PI",2020-02-04,0,0,0,0
"Nordeste","PI",2020-02-05,0,0,0,0
"Nordeste","PI",2020-02-06,0,0,0,0
"Nordeste","PI",2020-02-07,0,0,0,0
"Nordeste","PI",2020-02-08,0,0,0,0
"Nordeste","PI",2020-02-09,0,0,0,0
"Nordeste","PI",2020-02-10,0,0,0,0
"Nordeste","PI",2020-02-11,0,0,0,0
"Nordeste","PI",2020-02-12,0,0,0,0
"Nordeste","PI",2020-02-13,0,0,0,0
"Nordeste","PI",2020-02-14,0,0,0,0
"Nordeste","PI",2020-02-15,0,0,0,0
"Nordeste","PI",2020-02-16,0,0,0,0
"Nordeste","PI",2020-02-17,0,0,0,0
"Nordeste","PI",2020-02-18,0,0,0,0
"Nordeste","PI",2020-02-19,0,0,0,0
"Nordeste","PI",2020-02-20,0,0,0,0
"Nordeste","PI",2020-02-21,0,0,0,0
"Nordeste","PI",2020-02-22,0,0,0,0
"Nordeste","PI",2020-02-23,0,0,0,0
"Nordeste","PI",2020-02-24,0,0,0,0
"Nordeste","PI",2020-02-25,0,0,0,0
"Nordeste","PI",2020-02-26,0,0,0,0
"Nordeste","PI",2020-02-27,0,0,0,0
"Nordeste","PI",2020-02-28,0,0,0,0
"Nordeste","PI",2020-02-29,0,0,0,0
"Nordeste","PI",2020-03-01,0,0,0,0
"Nordeste","PI",2020-03-02,0,0,0,0
"Nordeste","PI",2020-03-03,0,0,0,0
"Nordeste","PI",2020-03-04,0,0,0,0
"Nordeste","PI",2020-03-05,0,0,0,0
"Nordeste","PI",2020-03-06,0,0,0,0
"Nordeste","PI",2020-03-07,0,0,0,0
"Nordeste","PI",2020-03-08,0,0,0,0
"Nordeste","PI",2020-03-09,0,0,0,0
"Nordeste","PI",2020-03-10,0,0,0,0
"Nordeste","PI",2020-03-11,0,0,0,0
"Nordeste","PI",2020-03-12,0,0,0,0
"Nordeste","PI",2020-03-13,0,0,0,0
"Nordeste","PI",2020-03-14,0,0,0,0
"Nordeste","PI",2020-03-15,0,0,0,0
"Nordeste","PI",2020-03-16,0,0,0,0
"Nordeste","PI",2020-03-17,0,0,0,0
"Nordeste","PI",2020-03-18,0,0,0,0
"Nordeste","PI",2020-03-19,0,0,0,0
"Nordeste","PI",2020-03-20,3,3,0,0
"Nordeste","PI",2020-03-21,1,4,0,0
"Nordeste","PI",2020-03-22,0,4,0,0
"Nordeste","PI",2020-03-23,2,6,0,0
"Nordeste","PI",2020-03-24,0,6,0,0
"Nordeste","PI",2020-03-25,2,8,0,0
"Nordeste","PI",2020-03-26,1,9,0,0
"Nordeste","PI",2020-03-27,0,9,0,0
"Nordeste","PI",2020-03-28,2,11,1,1
"Nordeste","PI",2020-03-29,3,14,0,1
"Nordeste","PI",2020-03-30,2,16,2,3
"Nordeste","PI",2020-03-31,2,18,1,4
"Nordeste","PI",2020-04-01,0,18,0,4
"Nordeste","CE",2020-01-30,0,0,0,0
"Nordeste","CE",2020-01-31,0,0,0,0
"Nordeste","CE",2020-02-01,0,0,0,0
"Nordeste","CE",2020-02-02,0,0,0,0
"Nordeste","CE",2020-02-03,0,0,0,0
"Nordeste","CE",2020-02-04,0,0,0,0
"Nordeste","CE",2020-02-05,0,0,0,0
"Nordeste","CE",2020-02-06,0,0,0,0
"Nordeste","CE",2020-02-07,0,0,0,0
"Nordeste","CE",2020-02-08,0,0,0,0
"Nordeste","CE",2020-02-09,0,0,0,0
"Nordeste","CE",2020-02-10,0,0,0,0
"Nordeste","CE",2020-02-11,0,0,0,0
"Nordeste","CE",2020-02-12,0,0,0,0
"Nordeste","CE",2020-02-13,0,0,0,0
"Nordeste","CE",2020-02-14,0,0,0,0
"Nordeste","CE",2020-02-15,0,0,0,0
"Nordeste","CE",2020-02-16,0,0,0,0
"Nordeste","CE",2020-02-17,0,0,0,0
"Nordeste","CE",2020-02-18,0,0,0,0
"Nordeste","CE",2020-02-19,0,0,0,0
"Nordeste","CE",2020-02-20,0,0,0,0
"Nordeste","CE",2020-02-21,0,0,0,0
"Nordeste","CE",2020-02-22,0,0,0,0
"Nordeste","CE",2020-02-23,0,0,0,0
"Nordeste","CE",2020-02-24,0,0,0,0
"Nordeste","CE",2020-02-25,0,0,0,0
"Nordeste","CE",2020-02-26,0,0,0,0
"Nordeste","CE",2020-02-27,0,0,0,0
"Nordeste","CE",2020-02-28,0,0,0,0
"Nordeste","CE",2020-02-29,0,0,0,0
"Nordeste","CE",2020-03-01,0,0,0,0
"Nordeste","CE",2020-03-02,0,0,0,0
"Nordeste","CE",2020-03-03,0,0,0,0
"Nordeste","CE",2020-03-04,0,0,0,0
"Nordeste","CE",2020-03-05,0,0,0,0
"Nordeste","CE",2020-03-06,0,0,0,0
"Nordeste","CE",2020-03-07,0,0,0,0
"Nordeste","CE",2020-03-08,0,0,0,0
"Nordeste","CE",2020-03-09,0,0,0,0
"Nordeste","CE",2020-03-10,0,0,0,0
"Nordeste","CE",2020-03-11,0,0,0,0
"Nordeste","CE",2020-03-12,0,0,0,0
"Nordeste","CE",2020-03-13,0,0,0,0
"Nordeste","CE",2020-03-14,0,0,0,0
"Nordeste","CE",2020-03-15,0,0,0,0
"Nordeste","CE",2020-03-16,0,0,0,0
"Nordeste","CE",2020-03-17,5,5,0,0
"Nordeste","CE",2020-03-18,4,9,0,0
"Nordeste","CE",2020-03-19,11,20,0,0
"Nordeste","CE",2020-03-20,35,55,0,0
"Nordeste","CE",2020-03-21,13,68,0,0
"Nordeste","CE",2020-03-22,44,112,0,0
"Nordeste","CE",2020-03-23,51,163,0,0
"Nordeste","CE",2020-03-24,19,182,0,0
"Nordeste","CE",2020-03-25,18,200,0,0
"Nordeste","CE",2020-03-26,35,235,3,3
"Nordeste","CE",2020-03-27,47,282,0,3
"Nordeste","CE",2020-03-28,32,314,1,4
"Nordeste","CE",2020-03-29,34,348,1,5
"Nordeste","CE",2020-03-30,24,372,0,5
"Nordeste","CE",2020-03-31,18,390,2,7
"Nordeste","CE",2020-04-01,54,444,1,8
"Nordeste","RN",2020-01-30,0,0,0,0
"Nordeste","RN",2020-01-31,0,0,0,0
"Nordeste","RN",2020-02-01,0,0,0,0
"Nordeste","RN",2020-02-02,0,0,0,0
"Nordeste","RN",2020-02-03,0,0,0,0
"Nordeste","RN",2020-02-04,0,0,0,0
"Nordeste","RN",2020-02-05,0,0,0,0
"Nordeste","RN",2020-02-06,0,0,0,0
"Nordeste","RN",2020-02-07,0,0,0,0
"Nordeste","RN",2020-02-08,0,0,0,0
"Nordeste","RN",2020-02-09,0,0,0,0
"Nordeste","RN",2020-02-10,0,0,0,0
"Nordeste","RN",2020-02-11,0,0,0,0
"Nordeste","RN",2020-02-12,0,0,0,0
"Nordeste","RN",2020-02-13,0,0,0,0
"Nordeste","RN",2020-02-14,0,0,0,0
"Nordeste","RN",2020-02-15,0,0,0,0
"Nordeste","RN",2020-02-16,0,0,0,0
"Nordeste","RN",2020-02-17,0,0,0,0
"Nordeste","RN",2020-02-18,0,0,0,0
"Nordeste","RN",2020-02-19,0,0,0,0
"Nordeste","RN",2020-02-20,0,0,0,0
"Nordeste","RN",2020-02-21,0,0,0,0
"Nordeste","RN",2020-02-22,0,0,0,0
"Nordeste","RN",2020-02-23,0,0,0,0
"Nordeste","RN",2020-02-24,0,0,0,0
"Nordeste","RN",2020-02-25,0,0,0,0
"Nordeste","RN",2020-02-26,0,0,0,0
"Nordeste","RN",2020-02-27,0,0,0,0
"Nordeste","RN",2020-02-28,0,0,0,0
"Nordeste","RN",2020-02-29,0,0,0,0
"Nordeste","RN",2020-03-01,0,0,0,0
"Nordeste","RN",2020-03-02,0,0,0,0
"Nordeste","RN",2020-03-03,0,0,0,0
"Nordeste","RN",2020-03-04,0,0,0,0
"Nordeste","RN",2020-03-05,0,0,0,0
"Nordeste","RN",2020-03-06,0,0,0,0
"Nordeste","RN",2020-03-07,0,0,0,0
"Nordeste","RN",2020-03-08,0,0,0,0
"Nordeste","RN",2020-03-09,0,0,0,0
"Nordeste","RN",2020-03-10,0,0,0,0
"Nordeste","RN",2020-03-11,0,0,0,0
"Nordeste","RN",2020-03-12,0,0,0,0
"Nordeste","RN",2020-03-13,1,1,0,0
"Nordeste","RN",2020-03-14,0,1,0,0
"Nordeste","RN",2020-03-15,0,1,0,0
"Nordeste","RN",2020-03-16,0,1,0,0
"Nordeste","RN",2020-03-17,0,1,0,0
"Nordeste","RN",2020-03-18,0,1,0,0
"Nordeste","RN",2020-03-19,0,1,0,0
"Nordeste","RN",2020-03-20,0,1,0,0
"Nordeste","RN",2020-03-21,5,6,0,0
"Nordeste","RN",2020-03-22,3,9,0,0
"Nordeste","RN",2020-03-23,4,13,0,0
"Nordeste","RN",2020-03-24,0,13,0,0
"Nordeste","RN",2020-03-25,1,14,0,0
"Nordeste","RN",2020-03-26,5,19,0,0
"Nordeste","RN",2020-03-27,9,28,0,0
"Nordeste","RN",2020-03-28,17,45,0,0
"Nordeste","RN",2020-03-29,23,68,1,1
"Nordeste","RN",2020-03-30,9,77,0,1
"Nordeste","RN",2020-03-31,5,82,0,1
"Nordeste","RN",2020-04-01,10,92,1,2
"Nordeste","PB",2020-01-30,0,0,0,0
"Nordeste","PB",2020-01-31,0,0,0,0
"Nordeste","PB",2020-02-01,0,0,0,0
"Nordeste","PB",2020-02-02,0,0,0,0
"Nordeste","PB",2020-02-03,0,0,0,0
"Nordeste","PB",2020-02-04,0,0,0,0
"Nordeste","PB",2020-02-05,0,0,0,0
"Nordeste","PB",2020-02-06,0,0,0,0
"Nordeste","PB",2020-02-07,0,0,0,0
"Nordeste","PB",2020-02-08,0,0,0,0
"Nordeste","PB",2020-02-09,0,0,0,0
"Nordeste","PB",2020-02-10,0,0,0,0
"Nordeste","PB",2020-02-11,0,0,0,0
"Nordeste","PB",2020-02-12,0,0,0,0
"Nordeste","PB",2020-02-13,0,0,0,0
"Nordeste","PB",2020-02-14,0,0,0,0
"Nordeste","PB",2020-02-15,0,0,0,0
"Nordeste","PB",2020-02-16,0,0,0,0
"Nordeste","PB",2020-02-17,0,0,0,0
"Nordeste","PB",2020-02-18,0,0,0,0
"Nordeste","PB",2020-02-19,0,0,0,0
"Nordeste","PB",2020-02-20,0,0,0,0
"Nordeste","PB",2020-02-21,0,0,0,0
"Nordeste","PB",2020-02-22,0,0,0,0
"Nordeste","PB",2020-02-23,0,0,0,0
"Nordeste","PB",2020-02-24,0,0,0,0
"Nordeste","PB",2020-02-25,0,0,0,0
"Nordeste","PB",2020-02-26,0,0,0,0
"Nordeste","PB",2020-02-27,0,0,0,0
"Nordeste","PB",2020-02-28,0,0,0,0
"Nordeste","PB",2020-02-29,0,0,0,0
"Nordeste","PB",2020-03-01,0,0,0,0
"Nordeste","PB",2020-03-02,0,0,0,0
"Nordeste","PB",2020-03-03,0,0,0,0
"Nordeste","PB",2020-03-04,0,0,0,0
"Nordeste","PB",2020-03-05,0,0,0,0
"Nordeste","PB",2020-03-06,0,0,0,0
"Nordeste","PB",2020-03-07,0,0,0,0
"Nordeste","PB",2020-03-08,0,0,0,0
"Nordeste","PB",2020-03-09,0,0,0,0
"Nordeste","PB",2020-03-10,0,0,0,0
"Nordeste","PB",2020-03-11,0,0,0,0
"Nordeste","PB",2020-03-12,0,0,0,0
"Nordeste","PB",2020-03-13,0,0,0,0
"Nordeste","PB",2020-03-14,0,0,0,0
"Nordeste","PB",2020-03-15,0,0,0,0
"Nordeste","PB",2020-03-16,0,0,0,0
"Nordeste","PB",2020-03-17,0,0,0,0
"Nordeste","PB",2020-03-18,0,0,0,0
"Nordeste","PB",2020-03-19,1,1,0,0
"Nordeste","PB",2020-03-20,0,1,0,0
"Nordeste","PB",2020-03-21,0,1,0,0
"Nordeste","PB",2020-03-22,0,1,0,0
"Nordeste","PB",2020-03-23,1,2,0,0
"Nordeste","PB",2020-03-24,1,3,0,0
"Nordeste","PB",2020-03-25,0,3,0,0
"Nordeste","PB",2020-03-26,2,5,0,0
"Nordeste","PB",2020-03-27,4,9,0,0
"Nordeste","PB",2020-03-28,5,14,0,0
"Nordeste","PB",2020-03-29,0,14,0,0
"Nordeste","PB",2020-03-30,1,15,0,0
"Nordeste","PB",2020-03-31,2,17,0,0
"Nordeste","PB",2020-04-01,3,20,1,1
"Nordeste","PE",2020-01-30,0,0,0,0
"Nordeste","PE",2020-01-31,0,0,0,0
"Nordeste","PE",2020-02-01,0,0,0,0
"Nordeste","PE",2020-02-02,0,0,0,0
"Nordeste","PE",2020-02-03,0,0,0,0
"Nordeste","PE",2020-02-04,0,0,0,0
"Nordeste","PE",2020-02-05,0,0,0,0
"Nordeste","PE",2020-02-06,0,0,0,0
"Nordeste","PE",2020-02-07,0,0,0,0
"Nordeste","PE",2020-02-08,0,0,0,0
"Nordeste","PE",2020-02-09,0,0,0,0
"Nordeste","PE",2020-02-10,0,0,0,0
"Nordeste","PE",2020-02-11,0,0,0,0
"Nordeste","PE",2020-02-12,0,0,0,0
"Nordeste","PE",2020-02-13,0,0,0,0
"Nordeste","PE",2020-02-14,0,0,0,0
"Nordeste","PE",2020-02-15,0,0,0,0
"Nordeste","PE",2020-02-16,0,0,0,0
"Nordeste","PE",2020-02-17,0,0,0,0
"Nordeste","PE",2020-02-18,0,0,0,0
"Nordeste","PE",2020-02-19,0,0,0,0
"Nordeste","PE",2020-02-20,0,0,0,0
"Nordeste","PE",2020-02-21,0,0,0,0
"Nordeste","PE",2020-02-22,0,0,0,0
"Nordeste","PE",2020-02-23,0,0,0,0
"Nordeste","PE",2020-02-24,0,0,0,0
"Nordeste","PE",2020-02-25,0,0,0,0
"Nordeste","PE",2020-02-26,0,0,0,0
"Nordeste","PE",2020-02-27,0,0,0,0
"Nordeste","PE",2020-02-28,0,0,0,0
"Nordeste","PE",2020-02-29,0,0,0,0
"Nordeste","PE",2020-03-01,0,0,0,0
"Nordeste","PE",2020-03-02,0,0,0,0
"Nordeste","PE",2020-03-03,0,0,0,0
"Nordeste","PE",2020-03-04,0,0,0,0
"Nordeste","PE",2020-03-05,0,0,0,0
"Nordeste","PE",2020-03-06,0,0,0,0
"Nordeste","PE",2020-03-07,0,0,0,0
"Nordeste","PE",2020-03-08,0,0,0,0
"Nordeste","PE",2020-03-09,0,0,0,0
"Nordeste","PE",2020-03-10,0,0,0,0
"Nordeste","PE",2020-03-11,0,0,0,0
"Nordeste","PE",2020-03-12,2,2,0,0
"Nordeste","PE",2020-03-13,0,2,0,0
"Nordeste","PE",2020-03-14,0,2,0,0
"Nordeste","PE",2020-03-15,0,2,0,0
"Nordeste","PE",2020-03-16,0,2,0,0
"Nordeste","PE",2020-03-17,14,16,0,0
"Nordeste","PE",2020-03-18,0,16,0,0
"Nordeste","PE",2020-03-19,12,28,0,0
"Nordeste","PE",2020-03-20,2,30,0,0
"Nordeste","PE",2020-03-21,0,30,0,0
"Nordeste","PE",2020-03-22,7,37,0,0
"Nordeste","PE",2020-03-23,5,42,0,0
"Nordeste","PE",2020-03-24,0,42,0,0
"Nordeste","PE",2020-03-25,4,46,1,1
"Nordeste","PE",2020-03-26,2,48,2,3
"Nordeste","PE",2020-03-27,8,56,1,4
"Nordeste","PE",2020-03-28,12,68,1,5
"Nordeste","PE",2020-03-29,5,73,0,5
"Nordeste","PE",2020-03-30,5,78,1,6
"Nordeste","PE",2020-03-31,9,87,0,6
"Nordeste","PE",2020-04-01,8,95,2,8
"Nordeste","AL",2020-01-30,0,0,0,0
"Nordeste","AL",2020-01-31,0,0,0,0
"Nordeste","AL",2020-02-01,0,0,0,0
"Nordeste","AL",2020-02-02,0,0,0,0
"Nordeste","AL",2020-02-03,0,0,0,0
"Nordeste","AL",2020-02-04,0,0,0,0
"Nordeste","AL",2020-02-05,0,0,0,0
"Nordeste","AL",2020-02-06,0,0,0,0
"Nordeste","AL",2020-02-07,0,0,0,0
"Nordeste","AL",2020-02-08,0,0,0,0
"Nordeste","AL",2020-02-09,0,0,0,0
"Nordeste","AL",2020-02-10,0,0,0,0
"Nordeste","AL",2020-02-11,0,0,0,0
"Nordeste","AL",2020-02-12,0,0,0,0
"Nordeste","AL",2020-02-13,0,0,0,0
"Nordeste","AL",2020-02-14,0,0,0,0
"Nordeste","AL",2020-02-15,0,0,0,0
"Nordeste","AL",2020-02-16,0,0,0,0
"Nordeste","AL",2020-02-17,0,0,0,0
"Nordeste","AL",2020-02-18,0,0,0,0
"Nordeste","AL",2020-02-19,0,0,0,0
"Nordeste","AL",2020-02-20,0,0,0,0
"Nordeste","AL",2020-02-21,0,0,0,0
"Nordeste","AL",2020-02-22,0,0,0,0
"Nordeste","AL",2020-02-23,0,0,0,0
"Nordeste","AL",2020-02-24,0,0,0,0
"Nordeste","AL",2020-02-25,0,0,0,0
"Nordeste","AL",2020-02-26,0,0,0,0
"Nordeste","AL",2020-02-27,0,0,0,0
"Nordeste","AL",2020-02-28,0,0,0,0
"Nordeste","AL",2020-02-29,0,0,0,0
"Nordeste","AL",2020-03-01,0,0,0,0
"Nordeste","AL",2020-03-02,0,0,0,0
"Nordeste","AL",2020-03-03,0,0,0,0
"Nordeste","AL",2020-03-04,0,0,0,0
"Nordeste","AL",2020-03-05,0,0,0,0
"Nordeste","AL",2020-03-06,0,0,0,0
"Nordeste","AL",2020-03-07,0,0,0,0
"Nordeste","AL",2020-03-08,1,1,0,0
"Nordeste","AL",2020-03-09,0,1,0,0
"Nordeste","AL",2020-03-10,0,1,0,0
"Nordeste","AL",2020-03-11,0,1,0,0
"Nordeste","AL",2020-03-12,0,1,0,0
"Nordeste","AL",2020-03-13,0,1,0,0
"Nordeste","AL",2020-03-14,0,1,0,0
"Nordeste","AL",2020-03-15,0,1,0,0
"Nordeste","AL",2020-03-16,0,1,0,0
"Nordeste","AL",2020-03-17,0,1,0,0
"Nordeste","AL",2020-03-18,0,1,0,0
"Nordeste","AL",2020-03-19,3,4,0,0
"Nordeste","AL",2020-03-20,1,5,0,0
"Nordeste","AL",2020-03-21,2,7,0,0
"Nordeste","AL",2020-03-22,0,7,0,0
"Nordeste","AL",2020-03-23,0,7,0,0
"Nordeste","AL",2020-03-24,2,9,0,0
"Nordeste","AL",2020-03-25,2,11,0,0
"Nordeste","AL",2020-03-26,0,11,0,0
"Nordeste","AL",2020-03-27,0,11,0,0
"Nordeste","AL",2020-03-28,3,14,0,0
"Nordeste","AL",2020-03-29,3,17,0,0
"Nordeste","AL",2020-03-30,0,17,0,0
"Nordeste","AL",2020-03-31,1,18,1,1
"Nordeste","AL",2020-04-01,0,18,0,1
"Nordeste","SE",2020-01-30,0,0,0,0
"Nordeste","SE",2020-01-31,0,0,0,0
"Nordeste","SE",2020-02-01,0,0,0,0
"Nordeste","SE",2020-02-02,0,0,0,0
"Nordeste","SE",2020-02-03,0,0,0,0
"Nordeste","SE",2020-02-04,0,0,0,0
"Nordeste","SE",2020-02-05,0,0,0,0
"Nordeste","SE",2020-02-06,0,0,0,0
"Nordeste","SE",2020-02-07,0,0,0,0
"Nordeste","SE",2020-02-08,0,0,0,0
"Nordeste","SE",2020-02-09,0,0,0,0
"Nordeste","SE",2020-02-10,0,0,0,0
"Nordeste","SE",2020-02-11,0,0,0,0
"Nordeste","SE",2020-02-12,0,0,0,0
"Nordeste","SE",2020-02-13,0,0,0,0
"Nordeste","SE",2020-02-14,0,0,0,0
"Nordeste","SE",2020-02-15,0,0,0,0
"Nordeste","SE",2020-02-16,0,0,0,0
"Nordeste","SE",2020-02-17,0,0,0,0
"Nordeste","SE",2020-02-18,0,0,0,0
"Nordeste","SE",2020-02-19,0,0,0,0
"Nordeste","SE",2020-02-20,0,0,0,0
"Nordeste","SE",2020-02-21,0,0,0,0
"Nordeste","SE",2020-02-22,0,0,0,0
"Nordeste","SE",2020-02-23,0,0,0,0
"Nordeste","SE",2020-02-24,0,0,0,0
"Nordeste","SE",2020-02-25,0,0,0,0
"Nordeste","SE",2020-02-26,0,0,0,0
"Nordeste","SE",2020-02-27,0,0,0,0
"Nordeste","SE",2020-02-28,0,0,0,0
"Nordeste","SE",2020-02-29,0,0,0,0
"Nordeste","SE",2020-03-01,0,0,0,0
"Nordeste","SE",2020-03-02,0,0,0,0
"Nordeste","SE",2020-03-03,0,0,0,0
"Nordeste","SE",2020-03-04,0,0,0,0
"Nordeste","SE",2020-03-05,0,0,0,0
"Nordeste","SE",2020-03-06,0,0,0,0
"Nordeste","SE",2020-03-07,0,0,0,0
"Nordeste","SE",2020-03-08,0,0,0,0
"Nordeste","SE",2020-03-09,0,0,0,0
"Nordeste","SE",2020-03-10,0,0,0,0
"Nordeste","SE",2020-03-11,0,0,0,0
"Nordeste","SE",2020-03-12,0,0,0,0
"Nordeste","SE",2020-03-13,0,0,0,0
"Nordeste","SE",2020-03-14,0,0,0,0
"Nordeste","SE",2020-03-15,1,1,0,0
"Nordeste","SE",2020-03-16,0,1,0,0
"Nordeste","SE",2020-03-17,3,4,0,0
"Nordeste","SE",2020-03-18,1,5,0,0
"Nordeste","SE",2020-03-19,1,6,0,0
"Nordeste","SE",2020-03-20,0,6,0,0
"Nordeste","SE",2020-03-21,4,10,0,0
"Nordeste","SE",2020-03-22,0,10,0,0
"Nordeste","SE",2020-03-23,0,10,0,0
"Nordeste","SE",2020-03-24,5,15,0,0
"Nordeste","SE",2020-03-25,1,16,0,0
"Nordeste","SE",2020-03-26,0,16,0,0
"Nordeste","SE",2020-03-27,0,16,0,0
"Nordeste","SE",2020-03-28,0,16,0,0
"Nordeste","SE",2020-03-29,0,16,0,0
"Nordeste","SE",2020-03-30,0,16,0,0
"Nordeste","SE",2020-03-31,3,19,0,0
"Nordeste","SE",2020-04-01,1,20,0,0
"Nordeste","BA",2020-01-30,0,0,0,0
"Nordeste","BA",2020-01-31,0,0,0,0
"Nordeste","BA",2020-02-01,0,0,0,0
"Nordeste","BA",2020-02-02,0,0,0,0
"Nordeste","BA",2020-02-03,0,0,0,0
"Nordeste","BA",2020-02-04,0,0,0,0
"Nordeste","BA",2020-02-05,0,0,0,0
"Nordeste","BA",2020-02-06,0,0,0,0
"Nordeste","BA",2020-02-07,0,0,0,0
"Nordeste","BA",2020-02-08,0,0,0,0
"Nordeste","BA",2020-02-09,0,0,0,0
"Nordeste","BA",2020-02-10,0,0,0,0
"Nordeste","BA",2020-02-11,0,0,0,0
"Nordeste","BA",2020-02-12,0,0,0,0
"Nordeste","BA",2020-02-13,0,0,0,0
"Nordeste","BA",2020-02-14,0,0,0,0
"Nordeste","BA",2020-02-15,0,0,0,0
"Nordeste","BA",2020-02-16,0,0,0,0
"Nordeste","BA",2020-02-17,0,0,0,0
"Nordeste","BA",2020-02-18,0,0,0,0
"Nordeste","BA",2020-02-19,0,0,0,0
"Nordeste","BA",2020-02-20,0,0,0,0
"Nordeste","BA",2020-02-21,0,0,0,0
"Nordeste","BA",2020-02-22,0,0,0,0
"Nordeste","BA",2020-02-23,0,0,0,0
"Nordeste","BA",2020-02-24,0,0,0,0
"Nordeste","BA",2020-02-25,0,0,0,0
"Nordeste","BA",2020-02-26,0,0,0,0
"Nordeste","BA",2020-02-27,0,0,0,0
"Nordeste","BA",2020-02-28,0,0,0,0
"Nordeste","BA",2020-02-29,0,0,0,0
"Nordeste","BA",2020-03-01,0,0,0,0
"Nordeste","BA",2020-03-02,0,0,0,0
"Nordeste","BA",2020-03-03,0,0,0,0
"Nordeste","BA",2020-03-04,0,0,0,0
"Nordeste","BA",2020-03-05,0,0,0,0
"Nordeste","BA",2020-03-06,1,1,0,0
"Nordeste","BA",2020-03-07,1,2,0,0
"Nordeste","BA",2020-03-08,0,2,0,0
"Nordeste","BA",2020-03-09,0,2,0,0
"Nordeste","BA",2020-03-10,0,2,0,0
"Nordeste","BA",2020-03-11,0,2,0,0
"Nordeste","BA",2020-03-12,0,2,0,0
"Nordeste","BA",2020-03-13,0,2,0,0
"Nordeste","BA",2020-03-14,0,2,0,0
"Nordeste","BA",2020-03-15,0,2,0,0
"Nordeste","BA",2020-03-16,0,2,0,0
"Nordeste","BA",2020-03-17,1,3,0,0
"Nordeste","BA",2020-03-18,0,3,0,0
"Nordeste","BA",2020-03-19,27,30,0,0
"Nordeste","BA",2020-03-20,3,33,0,0
"Nordeste","BA",2020-03-21,8,41,0,0
"Nordeste","BA",2020-03-22,8,49,0,0
"Nordeste","BA",2020-03-23,14,63,0,0
"Nordeste","BA",2020-03-24,13,76,0,0
"Nordeste","BA",2020-03-25,8,84,0,0
"Nordeste","BA",2020-03-26,20,104,0,0
"Nordeste","BA",2020-03-27,11,115,0,0
"Nordeste","BA",2020-03-28,12,127,0,0
"Nordeste","BA",2020-03-29,27,154,1,1
"Nordeste","BA",2020-03-30,22,176,0,1
"Nordeste","BA",2020-03-31,37,213,1,2
"Nordeste","BA",2020-04-01,33,246,0,2
"Sudeste","MG",2020-01-30,0,0,0,0
"Sudeste","MG",2020-01-31,0,0,0,0
"Sudeste","MG",2020-02-01,0,0,0,0
"Sudeste","MG",2020-02-02,0,0,0,0
"Sudeste","MG",2020-02-03,0,0,0,0
"Sudeste","MG",2020-02-04,0,0,0,0
"Sudeste","MG",2020-02-05,0,0,0,0
"Sudeste","MG",2020-02-06,0,0,0,0
"Sudeste","MG",2020-02-07,0,0,0,0
"Sudeste","MG",2020-02-08,0,0,0,0
"Sudeste","MG",2020-02-09,0,0,0,0
"Sudeste","MG",2020-02-10,0,0,0,0
"Sudeste","MG",2020-02-11,0,0,0,0
"Sudeste","MG",2020-02-12,0,0,0,0
"Sudeste","MG",2020-02-13,0,0,0,0
"Sudeste","MG",2020-02-14,0,0,0,0
"Sudeste","MG",2020-02-15,0,0,0,0
"Sudeste","MG",2020-02-16,0,0,0,0
"Sudeste","MG",2020-02-17,0,0,0,0
"Sudeste","MG",2020-02-18,0,0,0,0
"Sudeste","MG",2020-02-19,0,0,0,0
"Sudeste","MG",2020-02-20,0,0,0,0
"Sudeste","MG",2020-02-21,0,0,0,0
"Sudeste","MG",2020-02-22,0,0,0,0
"Sudeste","MG",2020-02-23,0,0,0,0
"Sudeste","MG",2020-02-24,0,0,0,0
"Sudeste","MG",2020-02-25,0,0,0,0
"Sudeste","MG",2020-02-26,0,0,0,0
"Sudeste","MG",2020-02-27,0,0,0,0
"Sudeste","MG",2020-02-28,0,0,0,0
"Sudeste","MG",2020-02-29,0,0,0,0
"Sudeste","MG",2020-03-01,0,0,0,0
"Sudeste","MG",2020-03-02,0,0,0,0
"Sudeste","MG",2020-03-03,0,0,0,0
"Sudeste","MG",2020-03-04,0,0,0,0
"Sudeste","MG",2020-03-05,0,0,0,0
"Sudeste","MG",2020-03-06,0,0,0,0
"Sudeste","MG",2020-03-07,0,0,0,0
"Sudeste","MG",2020-03-08,1,1,0,0
"Sudeste","MG",2020-03-09,0,1,0,0
"Sudeste","MG",2020-03-10,0,1,0,0
"Sudeste","MG",2020-03-11,0,1,0,0
"Sudeste","MG",2020-03-12,0,1,0,0
"Sudeste","MG",2020-03-13,1,2,0,0
"Sudeste","MG",2020-03-14,0,2,0,0
"Sudeste","MG",2020-03-15,0,2,0,0
"Sudeste","MG",2020-03-16,3,5,0,0
"Sudeste","MG",2020-03-17,2,7,0,0
"Sudeste","MG",2020-03-18,8,15,0,0
"Sudeste","MG",2020-03-19,14,29,0,0
"Sudeste","MG",2020-03-20,6,35,0,0
"Sudeste","MG",2020-03-21,3,38,0,0
"Sudeste","MG",2020-03-22,45,83,0,0
"Sudeste","MG",2020-03-23,45,128,0,0
"Sudeste","MG",2020-03-24,2,130,0,0
"Sudeste","MG",2020-03-25,3,133,0,0
"Sudeste","MG",2020-03-26,20,153,0,0
"Sudeste","MG",2020-03-27,36,189,0,0
"Sudeste","MG",2020-03-28,16,205,0,0
"Sudeste","MG",2020-03-29,26,231,0,0
"Sudeste","MG",2020-03-30,30,261,1,1
"Sudeste","MG",2020-03-31,14,275,1,2
"Sudeste","MG",2020-04-01,39,314,1,3
"Sudeste","ES",2020-01-30,0,0,0,0
"Sudeste","ES",2020-01-31,0,0,0,0
"Sudeste","ES",2020-02-01,0,0,0,0
"Sudeste","ES",2020-02-02,0,0,0,0
"Sudeste","ES",2020-02-03,0,0,0,0
"Sudeste","ES",2020-02-04,0,0,0,0
"Sudeste","ES",2020-02-05,0,0,0,0
"Sudeste","ES",2020-02-06,0,0,0,0
"Sudeste","ES",2020-02-07,0,0,0,0
"Sudeste","ES",2020-02-08,0,0,0,0
"Sudeste","ES",2020-02-09,0,0,0,0
"Sudeste","ES",2020-02-10,0,0,0,0
"Sudeste","ES",2020-02-11,0,0,0,0
"Sudeste","ES",2020-02-12,0,0,0,0
"Sudeste","ES",2020-02-13,0,0,0,0
"Sudeste","ES",2020-02-14,0,0,0,0
"Sudeste","ES",2020-02-15,0,0,0,0
"Sudeste","ES",2020-02-16,0,0,0,0
"Sudeste","ES",2020-02-17,0,0,0,0
"Sudeste","ES",2020-02-18,0,0,0,0
"Sudeste","ES",2020-02-19,0,0,0,0
"Sudeste","ES",2020-02-20,0,0,0,0
"Sudeste","ES",2020-02-21,0,0,0,0
"Sudeste","ES",2020-02-22,0,0,0,0
"Sudeste","ES",2020-02-23,0,0,0,0
"Sudeste","ES",2020-02-24,0,0,0,0
"Sudeste","ES",2020-02-25,0,0,0,0
"Sudeste","ES",2020-02-26,0,0,0,0
"Sudeste","ES",2020-02-27,0,0,0,0
"Sudeste","ES",2020-02-28,0,0,0,0
"Sudeste","ES",2020-02-29,0,0,0,0
"Sudeste","ES",2020-03-01,0,0,0,0
"Sudeste","ES",2020-03-02,0,0,0,0
"Sudeste","ES",2020-03-03,0,0,0,0
"Sudeste","ES",2020-03-04,0,0,0,0
"Sudeste","ES",2020-03-05,0,0,0,0
"Sudeste","ES",2020-03-06,1,1,0,0
"Sudeste","ES",2020-03-07,0,1,0,0
"Sudeste","ES",2020-03-08,0,1,0,0
"Sudeste","ES",2020-03-09,0,1,0,0
"Sudeste","ES",2020-03-10,0,1,0,0
"Sudeste","ES",2020-03-11,0,1,0,0
"Sudeste","ES",2020-03-12,0,1,0,0
"Sudeste","ES",2020-03-13,0,1,0,0
"Sudeste","ES",2020-03-14,0,1,0,0
"Sudeste","ES",2020-03-15,0,1,0,0
"Sudeste","ES",2020-03-16,0,1,0,0
"Sudeste","ES",2020-03-17,0,1,0,0
"Sudeste","ES",2020-03-18,8,9,0,0
"Sudeste","ES",2020-03-19,2,11,0,0
"Sudeste","ES",2020-03-20,2,13,0,0
"Sudeste","ES",2020-03-21,13,26,0,0
"Sudeste","ES",2020-03-22,0,26,0,0
"Sudeste","ES",2020-03-23,3,29,0,0
"Sudeste","ES",2020-03-24,4,33,0,0
"Sudeste","ES",2020-03-25,6,39,0,0
"Sudeste","ES",2020-03-26,0,39,0,0
"Sudeste","ES",2020-03-27,8,47,0,0
"Sudeste","ES",2020-03-28,6,53,0,0
"Sudeste","ES",2020-03-29,7,60,0,0
"Sudeste","ES",2020-03-30,12,72,0,0
"Sudeste","ES",2020-03-31,12,84,0,0
"Sudeste","ES",2020-04-01,12,96,0,0
"Sudeste","RJ",2020-01-30,0,0,0,0
"Sudeste","RJ",2020-01-31,0,0,0,0
"Sudeste","RJ",2020-02-01,0,0,0,0
"Sudeste","RJ",2020-02-02,0,0,0,0
"Sudeste","RJ",2020-02-03,0,0,0,0
"Sudeste","RJ",2020-02-04,0,0,0,0
"Sudeste","RJ",2020-02-05,0,0,0,0
"Sudeste","RJ",2020-02-06,0,0,0,0
"Sudeste","RJ",2020-02-07,0,0,0,0
"Sudeste","RJ",2020-02-08,0,0,0,0
"Sudeste","RJ",2020-02-09,0,0,0,0
"Sudeste","RJ",2020-02-10,0,0,0,0
"Sudeste","RJ",2020-02-11,0,0,0,0
"Sudeste","RJ",2020-02-12,0,0,0,0
"Sudeste","RJ",2020-02-13,0,0,0,0
"Sudeste","RJ",2020-02-14,0,0,0,0
"Sudeste","RJ",2020-02-15,0,0,0,0
"Sudeste","RJ",2020-02-16,0,0,0,0
"Sudeste","RJ",2020-02-17,0,0,0,0
"Sudeste","RJ",2020-02-18,0,0,0,0
"Sudeste","RJ",2020-02-19,0,0,0,0
"Sudeste","RJ",2020-02-20,0,0,0,0
"Sudeste","RJ",2020-02-21,0,0,0,0
"Sudeste","RJ",2020-02-22,0,0,0,0
"Sudeste","RJ",2020-02-23,0,0,0,0
"Sudeste","RJ",2020-02-24,0,0,0,0
"Sudeste","RJ",2020-02-25,0,0,0,0
"Sudeste","RJ",2020-02-26,0,0,0,0
"Sudeste","RJ",2020-02-27,0,0,0,0
"Sudeste","RJ",2020-02-28,0,0,0,0
"Sudeste","RJ",2020-02-29,0,0,0,0
"Sudeste","RJ",2020-03-01,0,0,0,0
"Sudeste","RJ",2020-03-02,0,0,0,0
"Sudeste","RJ",2020-03-03,0,0,0,0
"Sudeste","RJ",2020-03-04,0,0,0,0
"Sudeste","RJ",2020-03-05,1,1,0,0
"Sudeste","RJ",2020-03-06,0,1,0,0
"Sudeste","RJ",2020-03-07,1,2,0,0
"Sudeste","RJ",2020-03-08,1,3,0,0
"Sudeste","RJ",2020-03-09,0,3,0,0
"Sudeste","RJ",2020-03-10,5,8,0,0
"Sudeste","RJ",2020-03-11,5,13,0,0
"Sudeste","RJ",2020-03-12,3,16,0,0
"Sudeste","RJ",2020-03-13,0,16,0,0
"Sudeste","RJ",2020-03-14,6,22,0,0
"Sudeste","RJ",2020-03-15,2,24,0,0
"Sudeste","RJ",2020-03-16,7,31,0,0
"Sudeste","RJ",2020-03-17,2,33,0,0
"Sudeste","RJ",2020-03-18,12,45,0,0
"Sudeste","RJ",2020-03-19,20,65,2,2
"Sudeste","RJ",2020-03-20,44,109,0,2
"Sudeste","RJ",2020-03-21,10,119,1,3
"Sudeste","RJ",2020-03-22,67,186,0,3
"Sudeste","RJ",2020-03-23,47,233,1,4
"Sudeste","RJ",2020-03-24,72,305,2,6
"Sudeste","RJ",2020-03-25,65,370,0,6
"Sudeste","RJ",2020-03-26,51,421,3,9
"Sudeste","RJ",2020-03-27,72,493,1,10
"Sudeste","RJ",2020-03-28,65,558,3,13
"Sudeste","RJ",2020-03-29,42,600,4,17
"Sudeste","RJ",2020-03-30,57,657,1,18
"Sudeste","RJ",2020-03-31,51,708,5,23
"Sudeste","RJ",2020-04-01,124,832,5,28
"Sudeste","SP",2020-01-30,0,0,0,0
"Sudeste","SP",2020-01-31,0,0,0,0
"Sudeste","SP",2020-02-01,0,0,0,0
"Sudeste","SP",2020-02-02,0,0,0,0
"Sudeste","SP",2020-02-03,0,0,0,0
"Sudeste","SP",2020-02-04,0,0,0,0
"Sudeste","SP",2020-02-05,0,0,0,0
"Sudeste","SP",2020-02-06,0,0,0,0
"Sudeste","SP",2020-02-07,0,0,0,0
"Sudeste","SP",2020-02-08,0,0,0,0
"Sudeste","SP",2020-02-09,0,0,0,0
"Sudeste","SP",2020-02-10,0,0,0,0
"Sudeste","SP",2020-02-11,0,0,0,0
"Sudeste","SP",2020-02-12,0,0,0,0
"Sudeste","SP",2020-02-13,0,0,0,0
"Sudeste","SP",2020-02-14,0,0,0,0
"Sudeste","SP",2020-02-15,0,0,0,0
"Sudeste","SP",2020-02-16,0,0,0,0
"Sudeste","SP",2020-02-17,0,0,0,0
"Sudeste","SP",2020-02-18,0,0,0,0
"Sudeste","SP",2020-02-19,0,0,0,0
"Sudeste","SP",2020-02-20,0,0,0,0
"Sudeste","SP",2020-02-21,0,0,0,0
"Sudeste","SP",2020-02-22,0,0,0,0
"Sudeste","SP",2020-02-23,0,0,0,0
"Sudeste","SP",2020-02-24,0,0,0,0
"Sudeste","SP",2020-02-25,0,0,0,0
"Sudeste","SP",2020-02-26,1,1,0,0
"Sudeste","SP",2020-02-27,0,1,0,0
"Sudeste","SP",2020-02-28,0,1,0,0
"Sudeste","SP",2020-02-29,1,2,0,0
"Sudeste","SP",2020-03-01,0,2,0,0
"Sudeste","SP",2020-03-02,0,2,0,0
"Sudeste","SP",2020-03-03,0,2,0,0
"Sudeste","SP",2020-03-04,1,3,0,0
"Sudeste","SP",2020-03-05,3,6,0,0
"Sudeste","SP",2020-03-06,4,10,0,0
"Sudeste","SP",2020-03-07,3,13,0,0
"Sudeste","SP",2020-03-08,3,16,0,0
"Sudeste","SP",2020-03-09,0,16,0,0
"Sudeste","SP",2020-03-10,3,19,0,0
"Sudeste","SP",2020-03-11,11,30,0,0
"Sudeste","SP",2020-03-12,12,42,0,0
"Sudeste","SP",2020-03-13,14,56,0,0
"Sudeste","SP",2020-03-14,9,65,0,0
"Sudeste","SP",2020-03-15,71,136,0,0
"Sudeste","SP",2020-03-16,16,152,0,0
"Sudeste","SP",2020-03-17,12,164,1,1
"Sudeste","SP",2020-03-18,76,240,3,4
"Sudeste","SP",2020-03-19,46,286,0,4
"Sudeste","SP",2020-03-20,110,396,5,9
"Sudeste","SP",2020-03-21,63,459,6,15
"Sudeste","SP",2020-03-22,172,631,7,22
"Sudeste","SP",2020-03-23,114,745,8,30
"Sudeste","SP",2020-03-24,65,810,10,40
"Sudeste","SP",2020-03-25,52,862,8,48
"Sudeste","SP",2020-03-26,190,1052,10,58
"Sudeste","SP",2020-03-27,171,1223,10,68
"Sudeste","SP",2020-03-28,183,1406,16,84
"Sudeste","SP",2020-03-29,45,1451,14,98
"Sudeste","SP",2020-03-30,66,1517,15,113
"Sudeste","SP",2020-03-31,822,2339,23,136
"Sudeste","SP",2020-04-01,642,2981,28,164
"Sul","PR",2020-01-30,0,0,0,0
"Sul","PR",2020-01-31,0,0,0,0
"Sul","PR",2020-02-01,0,0,0,0
"Sul","PR",2020-02-02,0,0,0,0
"Sul","PR",2020-02-03,0,0,0,0
"Sul","PR",2020-02-04,0,0,0,0
"Sul","PR",2020-02-05,0,0,0,0
"Sul","PR",2020-02-06,0,0,0,0
"Sul","PR",2020-02-07,0,0,0,0
"Sul","PR",2020-02-08,0,0,0,0
"Sul","PR",2020-02-09,0,0,0,0
"Sul","PR",2020-02-10,0,0,0,0
"Sul","PR",2020-02-11,0,0,0,0
"Sul","PR",2020-02-12,0,0,0,0
"Sul","PR",2020-02-13,0,0,0,0
"Sul","PR",2020-02-14,0,0,0,0
"Sul","PR",2020-02-15,0,0,0,0
"Sul","PR",2020-02-16,0,0,0,0
"Sul","PR",2020-02-17,0,0,0,0
"Sul","PR",2020-02-18,0,0,0,0
"Sul","PR",2020-02-19,0,0,0,0
"Sul","PR",2020-02-20,0,0,0,0
"Sul","PR",2020-02-21,0,0,0,0
"Sul","PR",2020-02-22,0,0,0,0
"Sul","PR",2020-02-23,0,0,0,0
"Sul","PR",2020-02-24,0,0,0,0
"Sul","PR",2020-02-25,0,0,0,0
"Sul","PR",2020-02-26,0,0,0,0
"Sul","PR",2020-02-27,0,0,0,0
"Sul","PR",2020-02-28,0,0,0,0
"Sul","PR",2020-02-29,0,0,0,0
"Sul","PR",2020-03-01,0,0,0,0
"Sul","PR",2020-03-02,0,0,0,0
"Sul","PR",2020-03-03,0,0,0,0
"Sul","PR",2020-03-04,0,0,0,0
"Sul","PR",2020-03-05,0,0,0,0
"Sul","PR",2020-03-06,0,0,0,0
"Sul","PR",2020-03-07,0,0,0,0
"Sul","PR",2020-03-08,0,0,0,0
"Sul","PR",2020-03-09,0,0,0,0
"Sul","PR",2020-03-10,0,0,0,0
"Sul","PR",2020-03-11,0,0,0,0
"Sul","PR",2020-03-12,6,6,0,0
"Sul","PR",2020-03-13,0,6,0,0
"Sul","PR",2020-03-14,0,6,0,0
"Sul","PR",2020-03-15,0,6,0,0
"Sul","PR",2020-03-16,0,6,0,0
"Sul","PR",2020-03-17,0,6,0,0
"Sul","PR",2020-03-18,7,13,0,0
"Sul","PR",2020-03-19,10,23,0,0
"Sul","PR",2020-03-20,9,32,0,0
"Sul","PR",2020-03-21,11,43,0,0
"Sul","PR",2020-03-22,7,50,0,0
"Sul","PR",2020-03-23,6,56,0,0
"Sul","PR",2020-03-24,9,65,0,0
"Sul","PR",2020-03-25,16,81,0,0
"Sul","PR",2020-03-26,21,102,0,0
"Sul","PR",2020-03-27,17,119,2,2
"Sul","PR",2020-03-28,14,133,0,2
"Sul","PR",2020-03-29,15,148,0,2
"Sul","PR",2020-03-30,7,155,1,3
"Sul","PR",2020-03-31,24,179,0,3
"Sul","PR",2020-04-01,45,224,0,3
"Sul","SC",2020-01-30,0,0,0,0
"Sul","SC",2020-01-31,0,0,0,0
"Sul","SC",2020-02-01,0,0,0,0
"Sul","SC",2020-02-02,0,0,0,0
"Sul","SC",2020-02-03,0,0,0,0
"Sul","SC",2020-02-04,0,0,0,0
"Sul","SC",2020-02-05,0,0,0,0
"Sul","SC",2020-02-06,0,0,0,0
"Sul","SC",2020-02-07,0,0,0,0
"Sul","SC",2020-02-08,0,0,0,0
"Sul","SC",2020-02-09,0,0,0,0
"Sul","SC",2020-02-10,0,0,0,0
"Sul","SC",2020-02-11,0,0,0,0
"Sul","SC",2020-02-12,0,0,0,0
"Sul","SC",2020-02-13,0,0,0,0
"Sul","SC",2020-02-14,0,0,0,0
"Sul","SC",2020-02-15,0,0,0,0
"Sul","SC",2020-02-16,0,0,0,0
"Sul","SC",2020-02-17,0,0,0,0
"Sul","SC",2020-02-18,0,0,0,0
"Sul","SC",2020-02-19,0,0,0,0
"Sul","SC",2020-02-20,0,0,0,0
"Sul","SC",2020-02-21,0,0,0,0
"Sul","SC",2020-02-22,0,0,0,0
"Sul","SC",2020-02-23,0,0,0,0
"Sul","SC",2020-02-24,0,0,0,0
"Sul","SC",2020-02-25,0,0,0,0
"Sul","SC",2020-02-26,0,0,0,0
"Sul","SC",2020-02-27,0,0,0,0
"Sul","SC",2020-02-28,0,0,0,0
"Sul","SC",2020-02-29,0,0,0,0
"Sul","SC",2020-03-01,0,0,0,0
"Sul","SC",2020-03-02,0,0,0,0
"Sul","SC",2020-03-03,0,0,0,0
"Sul","SC",2020-03-04,0,0,0,0
"Sul","SC",2020-03-05,0,0,0,0
"Sul","SC",2020-03-06,0,0,0,0
"Sul","SC",2020-03-07,0,0,0,0
"Sul","SC",2020-03-08,0,0,0,0
"Sul","SC",2020-03-09,0,0,0,0
"Sul","SC",2020-03-10,0,0,0,0
"Sul","SC",2020-03-11,0,0,0,0
"Sul","SC",2020-03-12,0,0,0,0
"Sul","SC",2020-03-13,2,2,0,0
"Sul","SC",2020-03-14,2,4,0,0
"Sul","SC",2020-03-15,2,6,0,0
"Sul","SC",2020-03-16,1,7,0,0
"Sul","SC",2020-03-17,0,7,0,0
"Sul","SC",2020-03-18,3,10,0,0
"Sul","SC",2020-03-19,10,20,0,0
"Sul","SC",2020-03-20,1,21,0,0
"Sul","SC",2020-03-21,30,51,0,0
"Sul","SC",2020-03-22,6,57,0,0
"Sul","SC",2020-03-23,11,68,0,0
"Sul","SC",2020-03-24,39,107,0,0
"Sul","SC",2020-03-25,2,109,0,0
"Sul","SC",2020-03-26,13,122,1,1
"Sul","SC",2020-03-27,27,149,0,1
"Sul","SC",2020-03-28,35,184,0,1
"Sul","SC",2020-03-29,10,194,0,1
"Sul","SC",2020-03-30,3,197,0,1
"Sul","SC",2020-03-31,22,219,1,2
"Sul","SC",2020-04-01,16,235,0,2
"Sul","RS",2020-01-30,0,0,0,0
"Sul","RS",2020-01-31,0,0,0,0
"Sul","RS",2020-02-01,0,0,0,0
"Sul","RS",2020-02-02,0,0,0,0
"Sul","RS",2020-02-03,0,0,0,0
"Sul","RS",2020-02-04,0,0,0,0
"Sul","RS",2020-02-05,0,0,0,0
"Sul","RS",2020-02-06,0,0,0,0
"Sul","RS",2020-02-07,0,0,0,0
"Sul","RS",2020-02-08,0,0,0,0
"Sul","RS",2020-02-09,0,0,0,0
"Sul","RS",2020-02-10,0,0,0,0
"Sul","RS",2020-02-11,0,0,0,0
"Sul","RS",2020-02-12,0,0,0,0
"Sul","RS",2020-02-13,0,0,0,0
"Sul","RS",2020-02-14,0,0,0,0
"Sul","RS",2020-02-15,0,0,0,0
"Sul","RS",2020-02-16,0,0,0,0
"Sul","RS",2020-02-17,0,0,0,0
"Sul","RS",2020-02-18,0,0,0,0
"Sul","RS",2020-02-19,0,0,0,0
"Sul","RS",2020-02-20,0,0,0,0
"Sul","RS",2020-02-21,0,0,0,0
"Sul","RS",2020-02-22,0,0,0,0
"Sul","RS",2020-02-23,0,0,0,0
"Sul","RS",2020-02-24,0,0,0,0
"Sul","RS",2020-02-25,0,0,0,0
"Sul","RS",2020-02-26,0,0,0,0
"Sul","RS",2020-02-27,0,0,0,0
"Sul","RS",2020-02-28,0,0,0,0
"Sul","RS",2020-02-29,0,0,0,0
"Sul","RS",2020-03-01,0,0,0,0
"Sul","RS",2020-03-02,0,0,0,0
"Sul","RS",2020-03-03,0,0,0,0
"Sul","RS",2020-03-04,0,0,0,0
"Sul","RS",2020-03-05,0,0,0,0
"Sul","RS",2020-03-06,0,0,0,0
"Sul","RS",2020-03-07,0,0,0,0
"Sul","RS",2020-03-08,0,0,0,0
"Sul","RS",2020-03-09,0,0,0,0
"Sul","RS",2020-03-10,1,1,0,0
"Sul","RS",2020-03-11,1,2,0,0
"Sul","RS",2020-03-12,2,4,0,0
"Sul","RS",2020-03-13,0,4,0,0
"Sul","RS",2020-03-14,2,6,0,0
"Sul","RS",2020-03-15,0,6,0,0
"Sul","RS",2020-03-16,0,6,0,0
"Sul","RS",2020-03-17,4,10,0,0
"Sul","RS",2020-03-18,9,19,0,0
"Sul","RS",2020-03-19,9,28,0,0
"Sul","RS",2020-03-20,9,37,0,0
"Sul","RS",2020-03-21,23,60,0,0
"Sul","RS",2020-03-22,12,72,0,0
"Sul","RS",2020-03-23,14,86,0,0
"Sul","RS",2020-03-24,12,98,0,0
"Sul","RS",2020-03-25,25,123,1,1
"Sul","RS",2020-03-26,45,168,0,1
"Sul","RS",2020-03-27,27,195,1,2
"Sul","RS",2020-03-28,2,197,0,2
"Sul","RS",2020-03-29,29,226,0,2
"Sul","RS",2020-03-30,15,241,1,3
"Sul","RS",2020-03-31,33,274,1,4
"Sul","RS",2020-04-01,32,306,0,4
"Centro-Oeste","MS",2020-01-30,0,0,0,0
"Centro-Oeste","MS",2020-01-31,0,0,0,0
"Centro-Oeste","MS",2020-02-01,0,0,0,0
"Centro-Oeste","MS",2020-02-02,0,0,0,0
"Centro-Oeste","MS",2020-02-03,0,0,0,0
"Centro-Oeste","MS",2020-02-04,0,0,0,0
"Centro-Oeste","MS",2020-02-05,0,0,0,0
"Centro-Oeste","MS",2020-02-06,0,0,0,0
"Centro-Oeste","MS",2020-02-07,0,0,0,0
"Centro-Oeste","MS",2020-02-08,0,0,0,0
"Centro-Oeste","MS",2020-02-09,0,0,0,0
"Centro-Oeste","MS",2020-02-10,0,0,0,0
"Centro-Oeste","MS",2020-02-11,0,0,0,0
"Centro-Oeste","MS",2020-02-12,0,0,0,0
"Centro-Oeste","MS",2020-02-13,0,0,0,0
"Centro-Oeste","MS",2020-02-14,0,0,0,0
"Centro-Oeste","MS",2020-02-15,0,0,0,0
"Centro-Oeste","MS",2020-02-16,0,0,0,0
"Centro-Oeste","MS",2020-02-17,0,0,0,0
"Centro-Oeste","MS",2020-02-18,0,0,0,0
"Centro-Oeste","MS",2020-02-19,0,0,0,0
"Centro-Oeste","MS",2020-02-20,0,0,0,0
"Centro-Oeste","MS",2020-02-21,0,0,0,0
"Centro-Oeste","MS",2020-02-22,0,0,0,0
"Centro-Oeste","MS",2020-02-23,0,0,0,0
"Centro-Oeste","MS",2020-02-24,0,0,0,0
"Centro-Oeste","MS",2020-02-25,0,0,0,0
"Centro-Oeste","MS",2020-02-26,0,0,0,0
"Centro-Oeste","MS",2020-02-27,0,0,0,0
"Centro-Oeste","MS",2020-02-28,0,0,0,0
"Centro-Oeste","MS",2020-02-29,0,0,0,0
"Centro-Oeste","MS",2020-03-01,0,0,0,0
"Centro-Oeste","MS",2020-03-02,0,0,0,0
"Centro-Oeste","MS",2020-03-03,0,0,0,0
"Centro-Oeste","MS",2020-03-04,0,0,0,0
"Centro-Oeste","MS",2020-03-05,0,0,0,0
"Centro-Oeste","MS",2020-03-06,0,0,0,0
"Centro-Oeste","MS",2020-03-07,0,0,0,0
"Centro-Oeste","MS",2020-03-08,0,0,0,0
"Centro-Oeste","MS",2020-03-09,0,0,0,0
"Centro-Oeste","MS",2020-03-10,0,0,0,0
"Centro-Oeste","MS",2020-03-11,0,0,0,0
"Centro-Oeste","MS",2020-03-12,0,0,0,0
"Centro-Oeste","MS",2020-03-13,0,0,0,0
"Centro-Oeste","MS",2020-03-14,0,0,0,0
"Centro-Oeste","MS",2020-03-15,0,0,0,0
"Centro-Oeste","MS",2020-03-16,2,2,0,0
"Centro-Oeste","MS",2020-03-17,2,4,0,0
"Centro-Oeste","MS",2020-03-18,3,7,0,0
"Centro-Oeste","MS",2020-03-19,0,7,0,0
"Centro-Oeste","MS",2020-03-20,2,9,0,0
"Centro-Oeste","MS",2020-03-21,7,16,0,0
"Centro-Oeste","MS",2020-03-22,5,21,0,0
"Centro-Oeste","MS",2020-03-23,0,21,0,0
"Centro-Oeste","MS",2020-03-24,2,23,0,0
"Centro-Oeste","MS",2020-03-25,1,24,0,0
"Centro-Oeste","MS",2020-03-26,1,25,0,0
"Centro-Oeste","MS",2020-03-27,3,28,0,0
"Centro-Oeste","MS",2020-03-28,3,31,0,0
"Centro-Oeste","MS",2020-03-29,5,36,0,0
"Centro-Oeste","MS",2020-03-30,8,44,0,0
"Centro-Oeste","MS",2020-03-31,4,48,1,1
"Centro-Oeste","MS",2020-04-01,3,51,0,1
"Centro-Oeste","MT",2020-01-30,0,0,0,0
"Centro-Oeste","MT",2020-01-31,0,0,0,0
"Centro-Oeste","MT",2020-02-01,0,0,0,0
"Centro-Oeste","MT",2020-02-02,0,0,0,0
"Centro-Oeste","MT",2020-02-03,0,0,0,0
"Centro-Oeste","MT",2020-02-04,0,0,0,0
"Centro-Oeste","MT",2020-02-05,0,0,0,0
"Centro-Oeste","MT",2020-02-06,0,0,0,0
"Centro-Oeste","MT",2020-02-07,0,0,0,0
"Centro-Oeste","MT",2020-02-08,0,0,0,0
"Centro-Oeste","MT",2020-02-09,0,0,0,0
"Centro-Oeste","MT",2020-02-10,0,0,0,0
"Centro-Oeste","MT",2020-02-11,0,0,0,0
"Centro-Oeste","MT",2020-02-12,0,0,0,0
"Centro-Oeste","MT",2020-02-13,0,0,0,0
"Centro-Oeste","MT",2020-02-14,0,0,0,0
"Centro-Oeste","MT",2020-02-15,0,0,0,0
"Centro-Oeste","MT",2020-02-16,0,0,0,0
"Centro-Oeste","MT",2020-02-17,0,0,0,0
"Centro-Oeste","MT",2020-02-18,0,0,0,0
"Centro-Oeste","MT",2020-02-19,0,0,0,0
"Centro-Oeste","MT",2020-02-20,0,0,0,0
"Centro-Oeste","MT",2020-02-21,0,0,0,0
"Centro-Oeste","MT",2020-02-22,0,0,0,0
"Centro-Oeste","MT",2020-02-23,0,0,0,0
"Centro-Oeste","MT",2020-02-24,0,0,0,0
"Centro-Oeste","MT",2020-02-25,0,0,0,0
"Centro-Oeste","MT",2020-02-26,0,0,0,0
"Centro-Oeste","MT",2020-02-27,0,0,0,0
"Centro-Oeste","MT",2020-02-28,0,0,0,0
"Centro-Oeste","MT",2020-02-29,0,0,0,0
"Centro-Oeste","MT",2020-03-01,0,0,0,0
"Centro-Oeste","MT",2020-03-02,0,0,0,0
"Centro-Oeste","MT",2020-03-03,0,0,0,0
"Centro-Oeste","MT",2020-03-04,0,0,0,0
"Centro-Oeste","MT",2020-03-05,0,0,0,0
"Centro-Oeste","MT",2020-03-06,0,0,0,0
"Centro-Oeste","MT",2020-03-07,0,0,0,0
"Centro-Oeste","MT",2020-03-08,0,0,0,0
"Centro-Oeste","MT",2020-03-09,0,0,0,0
"Centro-Oeste","MT",2020-03-10,0,0,0,0
"Centro-Oeste","MT",2020-03-11,0,0,0,0
"Centro-Oeste","MT",2020-03-12,0,0,0,0
"Centro-Oeste","MT",2020-03-13,0,0,0,0
"Centro-Oeste","MT",2020-03-14,0,0,0,0
"Centro-Oeste","MT",2020-03-15,0,0,0,0
"Centro-Oeste","MT",2020-03-16,0,0,0,0
"Centro-Oeste","MT",2020-03-17,0,0,0,0
"Centro-Oeste","MT",2020-03-18,0,0,0,0
"Centro-Oeste","MT",2020-03-19,0,0,0,0
"Centro-Oeste","MT",2020-03-20,1,1,0,0
"Centro-Oeste","MT",2020-03-21,1,2,0,0
"Centro-Oeste","MT",2020-03-22,0,2,0,0
"Centro-Oeste","MT",2020-03-23,0,2,0,0
"Centro-Oeste","MT",2020-03-24,5,7,0,0
"Centro-Oeste","MT",2020-03-25,1,8,0,0
"Centro-Oeste","MT",2020-03-26,3,11,0,0
"Centro-Oeste","MT",2020-03-27,0,11,0,0
"Centro-Oeste","MT",2020-03-28,2,13,0,0
"Centro-Oeste","MT",2020-03-29,3,16,0,0
"Centro-Oeste","MT",2020-03-30,2,18,0,0
"Centro-Oeste","MT",2020-03-31,7,25,0,0
"Centro-Oeste","MT",2020-04-01,2,27,0,0
"Centro-Oeste","GO",2020-01-30,0,0,0,0
"Centro-Oeste","GO",2020-01-31,0,0,0,0
"Centro-Oeste","GO",2020-02-01,0,0,0,0
"Centro-Oeste","GO",2020-02-02,0,0,0,0
"Centro-Oeste","GO",2020-02-03,0,0,0,0
"Centro-Oeste","GO",2020-02-04,0,0,0,0
"Centro-Oeste","GO",2020-02-05,0,0,0,0
"Centro-Oeste","GO",2020-02-06,0,0,0,0
"Centro-Oeste","GO",2020-02-07,0,0,0,0
"Centro-Oeste","GO",2020-02-08,0,0,0,0
"Centro-Oeste","GO",2020-02-09,0,0,0,0
"Centro-Oeste","GO",2020-02-10,0,0,0,0
"Centro-Oeste","GO",2020-02-11,0,0,0,0
"Centro-Oeste","GO",2020-02-12,0,0,0,0
"Centro-Oeste","GO",2020-02-13,0,0,0,0
"Centro-Oeste","GO",2020-02-14,0,0,0,0
"Centro-Oeste","GO",2020-02-15,0,0,0,0
"Centro-Oeste","GO",2020-02-16,0,0,0,0
"Centro-Oeste","GO",2020-02-17,0,0,0,0
"Centro-Oeste","GO",2020-02-18,0,0,0,0
"Centro-Oeste","GO",2020-02-19,0,0,0,0
"Centro-Oeste","GO",2020-02-20,0,0,0,0
"Centro-Oeste","GO",2020-02-21,0,0,0,0
"Centro-Oeste","GO",2020-02-22,0,0,0,0
"Centro-Oeste","GO",2020-02-23,0,0,0,0
"Centro-Oeste","GO",2020-02-24,0,0,0,0
"Centro-Oeste","GO",2020-02-25,0,0,0,0
"Centro-Oeste","GO",2020-02-26,0,0,0,0
"Centro-Oeste","GO",2020-02-27,0,0,0,0
"Centro-Oeste","GO",2020-02-28,0,0,0,0
"Centro-Oeste","GO",2020-02-29,0,0,0,0
"Centro-Oeste","GO",2020-03-01,0,0,0,0
"Centro-Oeste","GO",2020-03-02,0,0,0,0
"Centro-Oeste","GO",2020-03-03,0,0,0,0
"Centro-Oeste","GO",2020-03-04,0,0,0,0
"Centro-Oeste","GO",2020-03-05,0,0,0,0
"Centro-Oeste","GO",2020-03-06,0,0,0,0
"Centro-Oeste","GO",2020-03-07,0,0,0,0
"Centro-Oeste","GO",2020-03-08,0,0,0,0
"Centro-Oeste","GO",2020-03-09,0,0,0,0
"Centro-Oeste","GO",2020-03-10,0,0,0,0
"Centro-Oeste","GO",2020-03-11,0,0,0,0
"Centro-Oeste","GO",2020-03-12,0,0,0,0
"Centro-Oeste","GO",2020-03-13,3,3,0,0
"Centro-Oeste","GO",2020-03-14,0,3,0,0
"Centro-Oeste","GO",2020-03-15,0,3,0,0
"Centro-Oeste","GO",2020-03-16,0,3,0,0
"Centro-Oeste","GO",2020-03-17,3,6,0,0
"Centro-Oeste","GO",2020-03-18,2,8,0,0
"Centro-Oeste","GO",2020-03-19,4,12,0,0
"Centro-Oeste","GO",2020-03-20,3,15,0,0
"Centro-Oeste","GO",2020-03-21,5,20,0,0
"Centro-Oeste","GO",2020-03-22,1,21,0,0
"Centro-Oeste","GO",2020-03-23,2,23,0,0
"Centro-Oeste","GO",2020-03-24,4,27,0,0
"Centro-Oeste","GO",2020-03-25,2,29,0,0
"Centro-Oeste","GO",2020-03-26,10,39,1,1
"Centro-Oeste","GO",2020-03-27,10,49,0,1
"Centro-Oeste","GO",2020-03-28,7,56,0,1
"Centro-Oeste","GO",2020-03-29,2,58,0,1
"Centro-Oeste","GO",2020-03-30,3,61,0,1
"Centro-Oeste","GO",2020-03-31,4,65,0,1
"Centro-Oeste","GO",2020-04-01,6,71,0,1
"Centro-Oeste","DF",2020-01-30,0,0,0,0
"Centro-Oeste","DF",2020-01-31,0,0,0,0
"Centro-Oeste","DF",2020-02-01,0,0,0,0
"Centro-Oeste","DF",2020-02-02,0,0,0,0
"Centro-Oeste","DF",2020-02-03,0,0,0,0
"Centro-Oeste","DF",2020-02-04,0,0,0,0
"Centro-Oeste","DF",2020-02-05,0,0,0,0
"Centro-Oeste","DF",2020-02-06,0,0,0,0
"Centro-Oeste","DF",2020-02-07,0,0,0,0
"Centro-Oeste","DF",2020-02-08,0,0,0,0
"Centro-Oeste","DF",2020-02-09,0,0,0,0
"Centro-Oeste","DF",2020-02-10,0,0,0,0
"Centro-Oeste","DF",2020-02-11,0,0,0,0
"Centro-Oeste","DF",2020-02-12,0,0,0,0
"Centro-Oeste","DF",2020-02-13,0,0,0,0
"Centro-Oeste","DF",2020-02-14,0,0,0,0
"Centro-Oeste","DF",2020-02-15,0,0,0,0
"Centro-Oeste","DF",2020-02-16,0,0,0,0
"Centro-Oeste","DF",2020-02-17,0,0,0,0
"Centro-Oeste","DF",2020-02-18,0,0,0,0
"Centro-Oeste","DF",2020-02-19,0,0,0,0
"Centro-Oeste","DF",2020-02-20,0,0,0,0
"Centro-Oeste","DF",2020-02-21,0,0,0,0
"Centro-Oeste","DF",2020-02-22,0,0,0,0
"Centro-Oeste","DF",2020-02-23,0,0,0,0
"Centro-Oeste","DF",2020-02-24,0,0,0,0
"Centro-Oeste","DF",2020-02-25,0,0,0,0
"Centro-Oeste","DF",2020-02-26,0,0,0,0
"Centro-Oeste","DF",2020-02-27,0,0,0,0
"Centro-Oeste","DF",2020-02-28,0,0,0,0
"Centro-Oeste","DF",2020-02-29,0,0,0,0
"Centro-Oeste","DF",2020-03-01,0,0,0,0
"Centro-Oeste","DF",2020-03-02,0,0,0,0
"Centro-Oeste","DF",2020-03-03,0,0,0,0
"Centro-Oeste","DF",2020-03-04,0,0,0,0
"Centro-Oeste","DF",2020-03-05,0,0,0,0
"Centro-Oeste","DF",2020-03-06,0,0,0,0
"Centro-Oeste","DF",2020-03-07,1,1,0,0
"Centro-Oeste","DF",2020-03-08,0,1,0,0
"Centro-Oeste","DF",2020-03-09,0,1,0,0
"Centro-Oeste","DF",2020-03-10,0,1,0,0
"Centro-Oeste","DF",2020-03-11,1,2,0,0
"Centro-Oeste","DF",2020-03-12,0,2,0,0
"Centro-Oeste","DF",2020-03-13,0,2,0,0
"Centro-Oeste","DF",2020-03-14,4,6,0,0
"Centro-Oeste","DF",2020-03-15,2,8,0,0
"Centro-Oeste","DF",2020-03-16,5,13,0,0
"Centro-Oeste","DF",2020-03-17,9,22,0,0
"Centro-Oeste","DF",2020-03-18,4,26,0,0
"Centro-Oeste","DF",2020-03-19,16,42,0,0
"Centro-Oeste","DF",2020-03-20,45,87,0,0
"Centro-Oeste","DF",2020-03-21,13,100,0,0
"Centro-Oeste","DF",2020-03-22,17,117,0,0
"Centro-Oeste","DF",2020-03-23,16,133,0,0
"Centro-Oeste","DF",2020-03-24,27,160,0,0
"Centro-Oeste","DF",2020-03-25,0,160,0,0
"Centro-Oeste","DF",2020-03-26,40,200,0,0
"Centro-Oeste","DF",2020-03-27,30,230,0,0
"Centro-Oeste","DF",2020-03-28,30,260,0,0
"Centro-Oeste","DF",2020-03-29,29,289,1,1
"Centro-Oeste","DF",2020-03-30,23,312,0,1
"Centro-Oeste","DF",2020-03-31,20,332,2,3
"Centro-Oeste","DF",2020-04-01,23,355,0,3
