"municipio","DRS","DRS.nome","id","DRS.nome.nonascii"
"Aceguá",22,"Bagé",430003,"Bage"
"Água Santa",17,"Passo Fundo",430005,"Passo_Fundo"
"Agudo",1,"Santa Maria",430010,"Santa_Maria"
"Ajuricaba",13,"Ijuí",430020,"Ijui"
"Alecrim",14,"Santa Rosa",430030,"Santa_Rosa"
"Alegrete",3,"Uruguaiana",430040,"Uruguaiana"
"Alegria",14,"Santa Rosa",430045,"Santa_Rosa"
"Almirante Tamandaré do Sul",17,"Passo Fundo",430047,"Passo_Fundo"
"Alpestre",15,"Palmeira das Missões",430050,"Palmeira_das_Missoes"
"Alto Alegre",17,"Passo Fundo",430055,"Passo_Fundo"
"Alto Feliz",23,"Caxias do Sul",430057,"Caxias_do_Sul"
"Alvorada",10,"Porto Alegre",430060,"Porto_Alegre"
"Amaral Ferrador",21,"Pelotas",430063,"Pelotas"
"Ametista do Sul",15,"Palmeira das Missões",430064,"Palmeira_das_Missoes"
"André da Rocha",17,"Passo Fundo",430066,"Passo_Fundo"
"Anta Gorda",29,"Lajeado",430070,"Lajeado"
"Antônio Prado",23,"Caxias do Sul",430080,"Caxias_do_Sul"
"Arambaré",9,"Guaíba",430085,"Guaiba"
"Araricá",7,"Novo Hamburgo",430087,"Novo_Hamburgo"
"Aratiba",16,"Erechim",430090,"Erechim"
"Arroio do Meio",29,"Lajeado",430100,"Lajeado"
"Arroio do Padre",21,"Pelotas",430107,"Pelotas"
"Arroio do Sal",4,"Capão Da Canoa",430105,"Capao_Da_Canoa"
"Arroio do Tigre",27,"Cachoeira do Sul",430120,"Cachoeira_do_Sul"
"Arroio dos Ratos",9,"Guaíba",430110,"Guaiba"
"Arroio Grande",21,"Pelotas",430130,"Pelotas"
"Arvorezinha",17,"Passo Fundo",430140,"Passo_Fundo"
"Augusto Pestana",13,"Ijuí",430150,"Ijui"
"Áurea",16,"Erechim",430155,"Erechim"
"Bagé",22,"Bagé",430160,"Bage"
"Balneário Pinhal",4,"Capão Da Canoa",430163,"Capao_Da_Canoa"
"Barão",8,"Canoas",430165,"Canoas"
"Barão de Cotegipe",16,"Erechim",430170,"Erechim"
"Barão do Triunfo",9,"Guaíba",430175,"Guaiba"
"Barra do Guarita",15,"Palmeira das Missões",430185,"Palmeira_das_Missoes"
"Barra do Quaraí",3,"Uruguaiana",430187,"Uruguaiana"
"Barra do Ribeiro",9,"Guaíba",430190,"Guaiba"
"Barra do Rio Azul",16,"Erechim",430192,"Erechim"
"Barra Funda",15,"Palmeira das Missões",430195,"Palmeira_das_Missoes"
"Barracão",17,"Passo Fundo",430180,"Passo_Fundo"
"Barros Cassal",17,"Passo Fundo",430200,"Passo_Fundo"
"Benjamin Constant do Sul",16,"Erechim",430205,"Erechim"
"Bento Gonçalves",23,"Caxias do Sul",430210,"Caxias_do_Sul"
"Boa Vista das Missões",15,"Palmeira das Missões",430215,"Palmeira_das_Missoes"
"Boa Vista do Buricá",14,"Santa Rosa",430220,"Santa_Rosa"
"Boa Vista do Cadeado",12,"Cruz Alta",430222,"Cruz_Alta"
"Boa Vista do Incra",12,"Cruz Alta",430223,"Cruz_Alta"
"Boa Vista do Sul",23,"Caxias do Sul",430225,"Caxias_do_Sul"
"Bom Jesus",23,"Caxias do Sul",430230,"Caxias_do_Sul"
"Bom Princípio",23,"Caxias do Sul",430235,"Caxias_do_Sul"
"Bom Progresso",15,"Palmeira das Missões",430237,"Palmeira_das_Missoes"
"Bom Retiro do Sul",29,"Lajeado",430240,"Lajeado"
"Boqueirão do Leão",29,"Lajeado",430245,"Lajeado"
"Bossoroca",11,"Santo Ângelo",430250,"Santo_Angelo"
"Bozano",13,"Ijuí",430258,"Ijui"
"Braga",15,"Palmeira das Missões",430260,"Palmeira_das_Missoes"
"Brochier",8,"Canoas",430265,"Canoas"
"Butiá",9,"Guaíba",430270,"Guaiba"
"Caçapava do Sul",27,"Cachoeira do Sul",430280,"Cachoeira_do_Sul"
"Cacequi",1,"Santa Maria",430290,"Santa_Maria"
"Cachoeira do Sul",27,"Cachoeira do Sul",430300,"Cachoeira_do_Sul"
"Cachoeirinha",10,"Porto Alegre",430310,"Porto_Alegre"
"Cacique Doble",17,"Passo Fundo",430320,"Passo_Fundo"
"Caibaté",11,"Santo Ângelo",430330,"Santo_Angelo"
"Caiçara",15,"Palmeira das Missões",430340,"Palmeira_das_Missoes"
"Camaquã",9,"Guaíba",430350,"Guaiba"
"Camargo",17,"Passo Fundo",430355,"Passo_Fundo"
"Cambará do Sul",6,"Taquara",430360,"Taquara"
"Campestre da Serra",23,"Caxias do Sul",430367,"Caxias_do_Sul"
"Campina das Missões",14,"Santa Rosa",430370,"Santa_Rosa"
"Campinas do Sul",16,"Erechim",430380,"Erechim"
"Campo Bom",7,"Novo Hamburgo",430390,"Novo_Hamburgo"
"Campo Novo",13,"Ijuí",430400,"Ijui"
"Campos Borges",17,"Passo Fundo",430410,"Passo_Fundo"
"Candelária",28,"Santa Cruz do Sul",430420,"Santa_Cruz_do_Sul"
"Cândido Godói",14,"Santa Rosa",430430,"Santa_Rosa"
"Candiota",22,"Bagé",430435,"Bage"
"Canela",23,"Caxias do Sul",430440,"Caxias_do_Sul"
"Canguçu",21,"Pelotas",430450,"Pelotas"
"Canoas",8,"Canoas",430460,"Canoas"
"Canudos do Vale",29,"Lajeado",430461,"Lajeado"
"Capão Bonito do Sul",17,"Passo Fundo",430462,"Passo_Fundo"
"Capão da Canoa",4,"Capão Da Canoa",430463,"Capao_Da_Canoa"
"Capão do Cipó",1,"Santa Maria",430465,"Santa_Maria"
"Capão do Leão",21,"Pelotas",430466,"Pelotas"
"Capela de Santana",8,"Canoas",430468,"Canoas"
"Capitão",29,"Lajeado",430469,"Lajeado"
"Capivari do Sul",4,"Capão Da Canoa",430467,"Capao_Da_Canoa"
"Caraá",4,"Capão Da Canoa",430471,"Capao_Da_Canoa"
"Carazinho",17,"Passo Fundo",430470,"Passo_Fundo"
"Carlos Barbosa",23,"Caxias do Sul",430480,"Caxias_do_Sul"
"Carlos Gomes",16,"Erechim",430485,"Erechim"
"Casca",17,"Passo Fundo",430490,"Passo_Fundo"
"Caseiros",17,"Passo Fundo",430495,"Passo_Fundo"
"Catuípe",13,"Ijuí",430500,"Ijui"
"Caxias do Sul",23,"Caxias do Sul",430510,"Caxias_do_Sul"
"Centenário",16,"Erechim",430511,"Erechim"
"Cerrito",21,"Pelotas",430512,"Pelotas"
"Cerro Branco",27,"Cachoeira do Sul",430513,"Cachoeira_do_Sul"
"Cerro Grande",15,"Palmeira das Missões",430515,"Palmeira_das_Missoes"
"Cerro Grande do Sul",9,"Guaíba",430517,"Guaiba"
"Cerro Largo",11,"Santo Ângelo",430520,"Santo_Angelo"
"Chapada",15,"Palmeira das Missões",430530,"Palmeira_das_Missoes"
"Charqueadas",9,"Guaíba",430535,"Guaiba"
"Charrua",16,"Erechim",430537,"Erechim"
"Chiapetta",13,"Ijuí",430540,"Ijui"
"Chuí",21,"Pelotas",430543,"Pelotas"
"Chuvisca",9,"Guaíba",430544,"Guaiba"
"Cidreira",4,"Capão Da Canoa",430545,"Capao_Da_Canoa"
"Ciríaco",17,"Passo Fundo",430550,"Passo_Fundo"
"Colinas",29,"Lajeado",430558,"Lajeado"
"Colorado",12,"Cruz Alta",430560,"Cruz_Alta"
"Condor",13,"Ijuí",430570,"Ijui"
"Constantina",15,"Palmeira das Missões",430580,"Palmeira_das_Missoes"
"Coqueiro Baixo",29,"Lajeado",430583,"Lajeado"
"Coqueiros do Sul",17,"Passo Fundo",430585,"Passo_Fundo"
"Coronel Barros",13,"Ijuí",430587,"Ijui"
"Coronel Bicaco",15,"Palmeira das Missões",430590,"Palmeira_das_Missoes"
"Coronel Pilar",23,"Caxias do Sul",430593,"Caxias_do_Sul"
"Cotiporã",23,"Caxias do Sul",430595,"Caxias_do_Sul"
"Coxilha",17,"Passo Fundo",430597,"Passo_Fundo"
"Crissiumal",13,"Ijuí",430600,"Ijui"
"Cristal",21,"Pelotas",430605,"Pelotas"
"Cristal do Sul",15,"Palmeira das Missões",430607,"Palmeira_das_Missoes"
"Cruz Alta",12,"Cruz Alta",430610,"Cruz_Alta"
"Cruzaltense",16,"Erechim",430613,"Erechim"
"Cruzeiro do Sul",29,"Lajeado",430620,"Lajeado"
"David Canabarro",17,"Passo Fundo",430630,"Passo_Fundo"
"Derrubadas",15,"Palmeira das Missões",430632,"Palmeira_das_Missoes"
"Dezesseis de Novembro",11,"Santo Ângelo",430635,"Santo_Angelo"
"Dilermando de Aguiar",1,"Santa Maria",430637,"Santa_Maria"
"Dois Irmãos",7,"Novo Hamburgo",430640,"Novo_Hamburgo"
"Dois Irmãos das Missões",15,"Palmeira das Missões",430642,"Palmeira_das_Missoes"
"Dois Lajeados",29,"Lajeado",430645,"Lajeado"
"Dom Feliciano",9,"Guaíba",430650,"Guaiba"
"Dom Pedrito",22,"Bagé",430660,"Bage"
"Dom Pedro de Alcântara",4,"Capão Da Canoa",430655,"Capao_Da_Canoa"
"Dona Francisca",1,"Santa Maria",430670,"Santa_Maria"
"Doutor Maurício Cardoso",14,"Santa Rosa",430673,"Santa_Rosa"
"Doutor Ricardo",29,"Lajeado",430675,"Lajeado"
"Eldorado do Sul",9,"Guaíba",430676,"Guaiba"
"Encantado",29,"Lajeado",430680,"Lajeado"
"Encruzilhada do Sul",27,"Cachoeira do Sul",430690,"Cachoeira_do_Sul"
"Engenho Velho",15,"Palmeira das Missões",430692,"Palmeira_das_Missoes"
"Entre Rios do Sul",16,"Erechim",430695,"Erechim"
"Entre-Ijuís",11,"Santo Ângelo",430693,"Santo_Angelo"
"Erebango",16,"Erechim",430697,"Erechim"
"Erechim",16,"Erechim",430700,"Erechim"
"Ernestina",17,"Passo Fundo",430705,"Passo_Fundo"
"Erval Grande",16,"Erechim",430720,"Erechim"
"Erval Seco",15,"Palmeira das Missões",430730,"Palmeira_das_Missoes"
"Esmeralda",23,"Caxias do Sul",430740,"Caxias_do_Sul"
"Esperança do Sul",15,"Palmeira das Missões",430745,"Palmeira_das_Missoes"
"Espumoso",17,"Passo Fundo",430750,"Passo_Fundo"
"Estação",16,"Erechim",430755,"Erechim"
"Estância Velha",7,"Novo Hamburgo",430760,"Novo_Hamburgo"
"Esteio",8,"Canoas",430770,"Canoas"
"Estrela",29,"Lajeado",430780,"Lajeado"
"Estrela Velha",27,"Cachoeira do Sul",430781,"Cachoeira_do_Sul"
"Eugênio de Castro",11,"Santo Ângelo",430783,"Santo_Angelo"
"Fagundes Varela",23,"Caxias do Sul",430786,"Caxias_do_Sul"
"Farroupilha",23,"Caxias do Sul",430790,"Caxias_do_Sul"
"Faxinal do Soturno",1,"Santa Maria",430800,"Santa_Maria"
"Faxinalzinho",16,"Erechim",430805,"Erechim"
"Fazenda Vilanova",29,"Lajeado",430807,"Lajeado"
"Feliz",23,"Caxias do Sul",430810,"Caxias_do_Sul"
"Flores da Cunha",23,"Caxias do Sul",430820,"Caxias_do_Sul"
"Floriano Peixoto",16,"Erechim",430825,"Erechim"
"Fontoura Xavier",17,"Passo Fundo",430830,"Passo_Fundo"
"Formigueiro",1,"Santa Maria",430840,"Santa_Maria"
"Forquetinha",29,"Lajeado",430843,"Lajeado"
"Fortaleza dos Valos",12,"Cruz Alta",430845,"Cruz_Alta"
"Frederico Westphalen",15,"Palmeira das Missões",430850,"Palmeira_das_Missoes"
"Garibaldi",23,"Caxias do Sul",430860,"Caxias_do_Sul"
"Garruchos",11,"Santo Ângelo",430865,"Santo_Angelo"
"Gaurama",16,"Erechim",430870,"Erechim"
"General Câmara",9,"Guaíba",430880,"Guaiba"
"Gentil",17,"Passo Fundo",430885,"Passo_Fundo"
"Getúlio Vargas",16,"Erechim",430890,"Erechim"
"Giruá",14,"Santa Rosa",430900,"Santa_Rosa"
"Glorinha",10,"Porto Alegre",430905,"Porto_Alegre"
"Gramado",23,"Caxias do Sul",430910,"Caxias_do_Sul"
"Gramado dos Loureiros",15,"Palmeira das Missões",430912,"Palmeira_das_Missoes"
"Gramado Xavier",28,"Santa Cruz do Sul",430915,"Santa_Cruz_do_Sul"
"Gravataí",10,"Porto Alegre",430920,"Porto_Alegre"
"Guabiju",23,"Caxias do Sul",430925,"Caxias_do_Sul"
"Guaíba",9,"Guaíba",430930,"Guaiba"
"Guaporé",23,"Caxias do Sul",430940,"Caxias_do_Sul"
"Guarani das Missões",11,"Santo Ângelo",430950,"Santo_Angelo"
"Harmonia",8,"Canoas",430955,"Canoas"
"Herval",21,"Pelotas",430710,"Pelotas"
"Herveiras",28,"Santa Cruz do Sul",430957,"Santa_Cruz_do_Sul"
"Horizontina",14,"Santa Rosa",430960,"Santa_Rosa"
"Hulha Negra",22,"Bagé",430965,"Bage"
"Humaitá",13,"Ijuí",430970,"Ijui"
"Ibarama",27,"Cachoeira do Sul",430975,"Cachoeira_do_Sul"
"Ibiaçá",17,"Passo Fundo",430980,"Passo_Fundo"
"Ibiraiaras",17,"Passo Fundo",430990,"Passo_Fundo"
"Ibirapuitã",17,"Passo Fundo",430995,"Passo_Fundo"
"Ibirubá",12,"Cruz Alta",431000,"Cruz_Alta"
"Igrejinha",6,"Taquara",431010,"Taquara"
"Ijuí",13,"Ijuí",431020,"Ijui"
"Ilópolis",29,"Lajeado",431030,"Lajeado"
"Imbé",4,"Capão Da Canoa",431033,"Capao_Da_Canoa"
"Imigrante",29,"Lajeado",431036,"Lajeado"
"Independência",14,"Santa Rosa",431040,"Santa_Rosa"
"Inhacorá",13,"Ijuí",431041,"Ijui"
"Ipê",23,"Caxias do Sul",431043,"Caxias_do_Sul"
"Ipiranga do Sul",16,"Erechim",431046,"Erechim"
"Iraí",15,"Palmeira das Missões",431050,"Palmeira_das_Missoes"
"Itaara",1,"Santa Maria",431053,"Santa_Maria"
"Itacurubi",1,"Santa Maria",431055,"Santa_Maria"
"Itapuca",17,"Passo Fundo",431057,"Passo_Fundo"
"Itaqui",3,"Uruguaiana",431060,"Uruguaiana"
"Itati",4,"Capão Da Canoa",431065,"Capao_Da_Canoa"
"Itatiba do Sul",16,"Erechim",431070,"Erechim"
"Ivorá",1,"Santa Maria",431075,"Santa_Maria"
"Ivoti",7,"Novo Hamburgo",431080,"Novo_Hamburgo"
"Jaboticaba",15,"Palmeira das Missões",431085,"Palmeira_das_Missoes"
"Jacuizinho",12,"Cruz Alta",431087,"Cruz_Alta"
"Jacutinga",16,"Erechim",431090,"Erechim"
"Jaguarão",21,"Pelotas",431100,"Pelotas"
"Jaguari",1,"Santa Maria",431110,"Santa_Maria"
"Jaquirana",23,"Caxias do Sul",431112,"Caxias_do_Sul"
"Jari",1,"Santa Maria",431113,"Santa_Maria"
"Jóia",13,"Ijuí",431115,"Ijui"
"Júlio de Castilhos",1,"Santa Maria",431120,"Santa_Maria"
"Lagoa Bonita do Sul",27,"Cachoeira do Sul",431123,"Cachoeira_do_Sul"
"Lagoa dos Três Cantos",17,"Passo Fundo",431127,"Passo_Fundo"
"Lagoa Vermelha",17,"Passo Fundo",431130,"Passo_Fundo"
"Lagoão",17,"Passo Fundo",431125,"Passo_Fundo"
"Lajeado",29,"Lajeado",431140,"Lajeado"
"Lajeado do Bugre",15,"Palmeira das Missões",431142,"Palmeira_das_Missoes"
"Lavras do Sul",22,"Bagé",431150,"Bage"
"Liberato Salzano",15,"Palmeira das Missões",431160,"Palmeira_das_Missoes"
"Lindolfo Collor",7,"Novo Hamburgo",431162,"Novo_Hamburgo"
"Linha Nova",23,"Caxias do Sul",431164,"Caxias_do_Sul"
"Maçambará",3,"Uruguaiana",431171,"Uruguaiana"
"Machadinho",17,"Passo Fundo",431170,"Passo_Fundo"
"Mampituba",4,"Capão Da Canoa",431173,"Capao_Da_Canoa"
"Manoel Viana",3,"Uruguaiana",431175,"Uruguaiana"
"Maquiné",4,"Capão Da Canoa",431177,"Capao_Da_Canoa"
"Maratá",8,"Canoas",431179,"Canoas"
"Marau",17,"Passo Fundo",431180,"Passo_Fundo"
"Marcelino Ramos",16,"Erechim",431190,"Erechim"
"Mariana Pimentel",9,"Guaíba",431198,"Guaiba"
"Mariano Moro",16,"Erechim",431200,"Erechim"
"Marques de Souza",29,"Lajeado",431205,"Lajeado"
"Mata",1,"Santa Maria",431210,"Santa_Maria"
"Mato Castelhano",17,"Passo Fundo",431213,"Passo_Fundo"
"Mato Leitão",28,"Santa Cruz do Sul",431215,"Santa_Cruz_do_Sul"
"Mato Queimado",11,"Santo Ângelo",431217,"Santo_Angelo"
"Maximiliano de Almeida",17,"Passo Fundo",431220,"Passo_Fundo"
"Minas do Leão",9,"Guaíba",431225,"Guaiba"
"Miraguaí",15,"Palmeira das Missões",431230,"Palmeira_das_Missoes"
"Montauri",17,"Passo Fundo",431235,"Passo_Fundo"
"Monte Alegre dos Campos",23,"Caxias do Sul",431237,"Caxias_do_Sul"
"Monte Belo do Sul",23,"Caxias do Sul",431238,"Caxias_do_Sul"
"Montenegro",8,"Canoas",431240,"Canoas"
"Mormaço",17,"Passo Fundo",431242,"Passo_Fundo"
"Morrinhos do Sul",4,"Capão Da Canoa",431244,"Capao_Da_Canoa"
"Morro Redondo",21,"Pelotas",431245,"Pelotas"
"Morro Reuter",7,"Novo Hamburgo",431247,"Novo_Hamburgo"
"Mostardas",4,"Capão Da Canoa",431250,"Capao_Da_Canoa"
"Muçum",29,"Lajeado",431260,"Lajeado"
"Muitos Capões",23,"Caxias do Sul",431261,"Caxias_do_Sul"
"Muliterno",17,"Passo Fundo",431262,"Passo_Fundo"
"Não-Me-Toque",17,"Passo Fundo",431265,"Passo_Fundo"
"Nicolau Vergueiro",17,"Passo Fundo",431267,"Passo_Fundo"
"Nonoai",16,"Erechim",431270,"Erechim"
"Nova Alvorada",17,"Passo Fundo",431275,"Passo_Fundo"
"Nova Araçá",23,"Caxias do Sul",431280,"Caxias_do_Sul"
"Nova Bassano",23,"Caxias do Sul",431290,"Caxias_do_Sul"
"Nova Boa Vista",15,"Palmeira das Missões",431295,"Palmeira_das_Missoes"
"Nova Bréscia",29,"Lajeado",431300,"Lajeado"
"Nova Candelária",14,"Santa Rosa",431301,"Santa_Rosa"
"Nova Esperança do Sul",1,"Santa Maria",431303,"Santa_Maria"
"Nova Hartz",7,"Novo Hamburgo",431306,"Novo_Hamburgo"
"Nova Pádua",23,"Caxias do Sul",431308,"Caxias_do_Sul"
"Nova Palma",1,"Santa Maria",431310,"Santa_Maria"
"Nova Petrópolis",23,"Caxias do Sul",431320,"Caxias_do_Sul"
"Nova Prata",23,"Caxias do Sul",431330,"Caxias_do_Sul"
"Nova Ramada",13,"Ijuí",431333,"Ijui"
"Nova Roma do Sul",23,"Caxias do Sul",431335,"Caxias_do_Sul"
"Nova Santa Rita",8,"Canoas",431337,"Canoas"
"Novo Barreiro",15,"Palmeira das Missões",431349,"Palmeira_das_Missoes"
"Novo Cabrais",27,"Cachoeira do Sul",431339,"Cachoeira_do_Sul"
"Novo Hamburgo",7,"Novo Hamburgo",431340,"Novo_Hamburgo"
"Novo Machado",14,"Santa Rosa",431342,"Santa_Rosa"
"Novo Tiradentes",15,"Palmeira das Missões",431344,"Palmeira_das_Missoes"
"Novo Xingu",15,"Palmeira das Missões",431346,"Palmeira_das_Missoes"
"Osório",4,"Capão Da Canoa",431350,"Capao_Da_Canoa"
"Paim Filho",17,"Passo Fundo",431360,"Passo_Fundo"
"Palmares do Sul",4,"Capão Da Canoa",431365,"Capao_Da_Canoa"
"Palmeira das Missões",15,"Palmeira das Missões",431370,"Palmeira_das_Missoes"
"Palmitinho",15,"Palmeira das Missões",431380,"Palmeira_das_Missoes"
"Panambi",13,"Ijuí",431390,"Ijui"
"Pantano Grande",28,"Santa Cruz do Sul",431395,"Santa_Cruz_do_Sul"
"Paraí",23,"Caxias do Sul",431400,"Caxias_do_Sul"
"Paraíso do Sul",1,"Santa Maria",431402,"Santa_Maria"
"Pareci Novo",8,"Canoas",431403,"Canoas"
"Parobé",6,"Taquara",431405,"Taquara"
"Passa Sete",27,"Cachoeira do Sul",431406,"Cachoeira_do_Sul"
"Passo do Sobrado",28,"Santa Cruz do Sul",431407,"Santa_Cruz_do_Sul"
"Passo Fundo",17,"Passo Fundo",431410,"Passo_Fundo"
"Paulo Bento",16,"Erechim",431413,"Erechim"
"Paverama",29,"Lajeado",431415,"Lajeado"
"Pedras Altas",21,"Pelotas",431417,"Pelotas"
"Pedro Osório",21,"Pelotas",431420,"Pelotas"
"Pejuçara",13,"Ijuí",431430,"Ijui"
"Pelotas",21,"Pelotas",431440,"Pelotas"
"Picada Café",23,"Caxias do Sul",431442,"Caxias_do_Sul"
"Pinhal",15,"Palmeira das Missões",431445,"Palmeira_das_Missoes"
"Pinhal da Serra",23,"Caxias do Sul",431446,"Caxias_do_Sul"
"Pinhal Grande",1,"Santa Maria",431447,"Santa_Maria"
"Pinheirinho do Vale",15,"Palmeira das Missões",431449,"Palmeira_das_Missoes"
"Pinheiro Machado",21,"Pelotas",431450,"Pelotas"
"Pinto Bandeira",23,"Caxias do Sul",431454,"Caxias_do_Sul"
"Pirapó",11,"Santo Ângelo",431455,"Santo_Angelo"
"Piratini",21,"Pelotas",431460,"Pelotas"
"Planalto",15,"Palmeira das Missões",431470,"Palmeira_das_Missoes"
"Poço das Antas",29,"Lajeado",431475,"Lajeado"
"Pontão",17,"Passo Fundo",431477,"Passo_Fundo"
"Ponte Preta",16,"Erechim",431478,"Erechim"
"Portão",7,"Novo Hamburgo",431480,"Novo_Hamburgo"
"Porto Alegre",10,"Porto Alegre",431490,"Porto_Alegre"
"Porto Lucena",14,"Santa Rosa",431500,"Santa_Rosa"
"Porto Mauá",14,"Santa Rosa",431505,"Santa_Rosa"
"Porto Vera Cruz",14,"Santa Rosa",431507,"Santa_Rosa"
"Porto Xavier",11,"Santo Ângelo",431510,"Santo_Angelo"
"Pouso Novo",29,"Lajeado",431513,"Lajeado"
"Presidente Lucena",7,"Novo Hamburgo",431514,"Novo_Hamburgo"
"Progresso",29,"Lajeado",431515,"Lajeado"
"Protásio Alves",23,"Caxias do Sul",431517,"Caxias_do_Sul"
"Putinga",29,"Lajeado",431520,"Lajeado"
"Quaraí",3,"Uruguaiana",431530,"Uruguaiana"
"Quatro Irmãos",16,"Erechim",431531,"Erechim"
"Quevedos",1,"Santa Maria",431532,"Santa_Maria"
"Quinze de Novembro",12,"Cruz Alta",431535,"Cruz_Alta"
"Redentora",15,"Palmeira das Missões",431540,"Palmeira_das_Missoes"
"Relvado",29,"Lajeado",431545,"Lajeado"
"Restinga Seca",1,"Santa Maria",431550,"Santa_Maria"
"Rio dos Índios",16,"Erechim",431555,"Erechim"
"Rio Grande",21,"Pelotas",431560,"Pelotas"
"Rio Pardo",28,"Santa Cruz do Sul",431570,"Santa_Cruz_do_Sul"
"Riozinho",6,"Taquara",431575,"Taquara"
"Roca Sales",29,"Lajeado",431580,"Lajeado"
"Rodeio Bonito",15,"Palmeira das Missões",431590,"Palmeira_das_Missoes"
"Rolador",11,"Santo Ângelo",431595,"Santo_Angelo"
"Rolante",6,"Taquara",431600,"Taquara"
"Ronda Alta",15,"Palmeira das Missões",431610,"Palmeira_das_Missoes"
"Rondinha",15,"Palmeira das Missões",431620,"Palmeira_das_Missoes"
"Roque Gonzales",11,"Santo Ângelo",431630,"Santo_Angelo"
"Rosário do Sul",3,"Uruguaiana",431640,"Uruguaiana"
"Sagrada Família",15,"Palmeira das Missões",431642,"Palmeira_das_Missoes"
"Saldanha Marinho",12,"Cruz Alta",431643,"Cruz_Alta"
"Salto do Jacuí",12,"Cruz Alta",431645,"Cruz_Alta"
"Salvador das Missões",11,"Santo Ângelo",431647,"Santo_Angelo"
"Salvador do Sul",8,"Canoas",431650,"Canoas"
"Sananduva",17,"Passo Fundo",431660,"Passo_Fundo"
"Santa Bárbara do Sul",12,"Cruz Alta",431670,"Cruz_Alta"
"Santa Cecília do Sul",17,"Passo Fundo",431673,"Passo_Fundo"
"Santa Clara do Sul",29,"Lajeado",431675,"Lajeado"
"Santa Cruz do Sul",28,"Santa Cruz do Sul",431680,"Santa_Cruz_do_Sul"
"Santa Margarida do Sul",3,"Uruguaiana",431697,"Uruguaiana"
"Santa Maria",1,"Santa Maria",431690,"Santa_Maria"
"Santa Maria do Herval",7,"Novo Hamburgo",431695,"Novo_Hamburgo"
"Santa Rosa",14,"Santa Rosa",431720,"Santa_Rosa"
"Santa Tereza",23,"Caxias do Sul",431725,"Caxias_do_Sul"
"Santa Vitória do Palmar",21,"Pelotas",431730,"Pelotas"
"Santana da Boa Vista",21,"Pelotas",431700,"Pelotas"
"Santana do Livramento",3,"Uruguaiana",431710,"Uruguaiana"
"Santiago",1,"Santa Maria",431740,"Santa_Maria"
"Santo Ângelo",11,"Santo Ângelo",431750,"Santo_Angelo"
"Santo Antônio da Patrulha",4,"Capão Da Canoa",431760,"Capao_Da_Canoa"
"Santo Antônio das Missões",11,"Santo Ângelo",431770,"Santo_Angelo"
"Santo Antônio do Palma",17,"Passo Fundo",431755,"Passo_Fundo"
"Santo Antônio do Planalto",17,"Passo Fundo",431775,"Passo_Fundo"
"Santo Augusto",13,"Ijuí",431780,"Ijui"
"Santo Cristo",14,"Santa Rosa",431790,"Santa_Rosa"
"Santo Expedito do Sul",17,"Passo Fundo",431795,"Passo_Fundo"
"São Borja",11,"Santo Ângelo",431800,"Santo_Angelo"
"São Domingos do Sul",17,"Passo Fundo",431805,"Passo_Fundo"
"São Francisco de Assis",1,"Santa Maria",431810,"Santa_Maria"
"São Francisco de Paula",6,"Taquara",431820,"Taquara"
"São Gabriel",3,"Uruguaiana",431830,"Uruguaiana"
"São Jerônimo",9,"Guaíba",431840,"Guaiba"
"São João da Urtiga",17,"Passo Fundo",431842,"Passo_Fundo"
"São João do Polêsine",1,"Santa Maria",431843,"Santa_Maria"
"São Jorge",23,"Caxias do Sul",431844,"Caxias_do_Sul"
"São José das Missões",15,"Palmeira das Missões",431845,"Palmeira_das_Missoes"
"São José do Herval",29,"Lajeado",431846,"Lajeado"
"São José do Hortêncio",7,"Novo Hamburgo",431848,"Novo_Hamburgo"
"São José do Inhacorá",14,"Santa Rosa",431849,"Santa_Rosa"
"São José do Norte",21,"Pelotas",431850,"Pelotas"
"São José do Ouro",17,"Passo Fundo",431860,"Passo_Fundo"
"São José do Sul",8,"Canoas",431861,"Canoas"
"São José dos Ausentes",23,"Caxias do Sul",431862,"Caxias_do_Sul"
"São Leopoldo",7,"Novo Hamburgo",431870,"Novo_Hamburgo"
"São Lourenço do Sul",21,"Pelotas",431880,"Pelotas"
"São Luiz Gonzaga",11,"Santo Ângelo",431890,"Santo_Angelo"
"São Marcos",23,"Caxias do Sul",431900,"Caxias_do_Sul"
"São Martinho",13,"Ijuí",431910,"Ijui"
"São Martinho da Serra",1,"Santa Maria",431912,"Santa_Maria"
"São Miguel das Missões",11,"Santo Ângelo",431915,"Santo_Angelo"
"São Nicolau",11,"Santo Ângelo",431920,"Santo_Angelo"
"São Paulo das Missões",14,"Santa Rosa",431930,"Santa_Rosa"
"São Pedro da Serra",8,"Canoas",431935,"Canoas"
"São Pedro das Missões",15,"Palmeira das Missões",431936,"Palmeira_das_Missoes"
"São Pedro do Butiá",11,"Santo Ângelo",431937,"Santo_Angelo"
"São Pedro do Sul",1,"Santa Maria",431940,"Santa_Maria"
"São Sebastião do Caí",8,"Canoas",431950,"Canoas"
"São Sepé",1,"Santa Maria",431960,"Santa_Maria"
"São Valentim",16,"Erechim",431970,"Erechim"
"São Valentim do Sul",29,"Lajeado",431971,"Lajeado"
"São Valério do Sul",13,"Ijuí",431973,"Ijui"
"São Vendelino",23,"Caxias do Sul",431975,"Caxias_do_Sul"
"São Vicente do Sul",1,"Santa Maria",431980,"Santa_Maria"
"Sapiranga",7,"Novo Hamburgo",431990,"Novo_Hamburgo"
"Sapucaia do Sul",8,"Canoas",432000,"Canoas"
"Sarandi",15,"Palmeira das Missões",432010,"Palmeira_das_Missoes"
"Seberi",15,"Palmeira das Missões",432020,"Palmeira_das_Missoes"
"Sede Nova",13,"Ijuí",432023,"Ijui"
"Segredo",27,"Cachoeira do Sul",432026,"Cachoeira_do_Sul"
"Selbach",12,"Cruz Alta",432030,"Cruz_Alta"
"Senador Salgado Filho",14,"Santa Rosa",432032,"Santa_Rosa"
"Sentinela do Sul",9,"Guaíba",432035,"Guaiba"
"Serafina Corrêa",17,"Passo Fundo",432040,"Passo_Fundo"
"Sério",29,"Lajeado",432045,"Lajeado"
"Sertão",17,"Passo Fundo",432050,"Passo_Fundo"
"Sertão Santana",9,"Guaíba",432055,"Guaiba"
"Sete de Setembro",11,"Santo Ângelo",432057,"Santo_Angelo"
"Severiano de Almeida",16,"Erechim",432060,"Erechim"
"Silveira Martins",1,"Santa Maria",432065,"Santa_Maria"
"Sinimbu",28,"Santa Cruz do Sul",432067,"Santa_Cruz_do_Sul"
"Sobradinho",27,"Cachoeira do Sul",432070,"Cachoeira_do_Sul"
"Soledade",17,"Passo Fundo",432080,"Passo_Fundo"
"Tabaí",8,"Canoas",432085,"Canoas"
"Tapejara",17,"Passo Fundo",432090,"Passo_Fundo"
"Tapera",17,"Passo Fundo",432100,"Passo_Fundo"
"Tapes",9,"Guaíba",432110,"Guaiba"
"Taquara",6,"Taquara",432120,"Taquara"
"Taquari",29,"Lajeado",432130,"Lajeado"
"Taquaruçu do Sul",15,"Palmeira das Missões",432132,"Palmeira_das_Missoes"
"Tavares",4,"Capão Da Canoa",432135,"Capao_Da_Canoa"
"Tenente Portela",15,"Palmeira das Missões",432140,"Palmeira_das_Missoes"
"Terra de Areia",4,"Capão Da Canoa",432143,"Capao_Da_Canoa"
"Teutônia",29,"Lajeado",432145,"Lajeado"
"Tio Hugo",17,"Passo Fundo",432146,"Passo_Fundo"
"Tiradentes do Sul",15,"Palmeira das Missões",432147,"Palmeira_das_Missoes"
"Toropi",1,"Santa Maria",432149,"Santa_Maria"
"Torres",4,"Capão Da Canoa",432150,"Capao_Da_Canoa"
"Tramandaí",4,"Capão Da Canoa",432160,"Capao_Da_Canoa"
"Travesseiro",29,"Lajeado",432162,"Lajeado"
"Três Arroios",16,"Erechim",432163,"Erechim"
"Três Cachoeiras",4,"Capão Da Canoa",432166,"Capao_Da_Canoa"
"Três Coroas",6,"Taquara",432170,"Taquara"
"Três de Maio",14,"Santa Rosa",432180,"Santa_Rosa"
"Três Forquilhas",4,"Capão Da Canoa",432183,"Capao_Da_Canoa"
"Três Palmeiras",15,"Palmeira das Missões",432185,"Palmeira_das_Missoes"
"Três Passos",15,"Palmeira das Missões",432190,"Palmeira_das_Missoes"
"Trindade do Sul",15,"Palmeira das Missões",432195,"Palmeira_das_Missoes"
"Triunfo",8,"Canoas",432200,"Canoas"
"Tucunduva",14,"Santa Rosa",432210,"Santa_Rosa"
"Tunas",17,"Passo Fundo",432215,"Passo_Fundo"
"Tupanci do Sul",17,"Passo Fundo",432218,"Passo_Fundo"
"Tupanciretã",12,"Cruz Alta",432220,"Cruz_Alta"
"Tupandi",8,"Canoas",432225,"Canoas"
"Tuparendi",14,"Santa Rosa",432230,"Santa_Rosa"
"Turuçu",21,"Pelotas",432232,"Pelotas"
"Ubiretama",11,"Santo Ângelo",432234,"Santo_Angelo"
"União da Serra",23,"Caxias do Sul",432235,"Caxias_do_Sul"
"Unistalda",1,"Santa Maria",432237,"Santa_Maria"
"Uruguaiana",3,"Uruguaiana",432240,"Uruguaiana"
"Vacaria",23,"Caxias do Sul",432250,"Caxias_do_Sul"
"Vale do Sol",28,"Santa Cruz do Sul",432253,"Santa_Cruz_do_Sul"
"Vale Real",23,"Caxias do Sul",432254,"Caxias_do_Sul"
"Vale Verde",28,"Santa Cruz do Sul",432252,"Santa_Cruz_do_Sul"
"Vanini",17,"Passo Fundo",432255,"Passo_Fundo"
"Venâncio Aires",28,"Santa Cruz do Sul",432260,"Santa_Cruz_do_Sul"
"Vera Cruz",28,"Santa Cruz do Sul",432270,"Santa_Cruz_do_Sul"
"Veranópolis",23,"Caxias do Sul",432280,"Caxias_do_Sul"
"Vespasiano Correa",29,"Lajeado",432285,"Lajeado"
"Viadutos",16,"Erechim",432290,"Erechim"
"Viamão",10,"Porto Alegre",432300,"Porto_Alegre"
"Vicente Dutra",15,"Palmeira das Missões",432310,"Palmeira_das_Missoes"
"Victor Graeff",17,"Passo Fundo",432320,"Passo_Fundo"
"Vila Flores",23,"Caxias do Sul",432330,"Caxias_do_Sul"
"Vila Lângaro",17,"Passo Fundo",432335,"Passo_Fundo"
"Vila Maria",17,"Passo Fundo",432340,"Passo_Fundo"
"Vila Nova do Sul",1,"Santa Maria",432345,"Santa_Maria"
"Vista Alegre",15,"Palmeira das Missões",432350,"Palmeira_das_Missoes"
"Vista Alegre do Prata",23,"Caxias do Sul",432360,"Caxias_do_Sul"
"Vista Gaúcha",15,"Palmeira das Missões",432370,"Palmeira_das_Missoes"
"Vitória das Missões",11,"Santo Ângelo",432375,"Santo_Angelo"
"Westfalia",29,"Lajeado",432377,"Lajeado"
"Xangri-lá",4,"Capão Da Canoa",432380,"Capao_Da_Canoa"
