"regiao","estado","data","novos.casos","casos.acumulados","obitos.novos","obitos.acumulados"
"Norte","RO",2020-03-20,0,1,0,0
"Norte","RO",2020-03-21,0,1,0,0
"Norte","RO",2020-03-22,2,3,0,0
"Norte","RO",2020-03-23,0,3,0,0
"Norte","RO",2020-03-24,0,3,0,0
"Norte","RO",2020-03-25,2,5,0,0
"Norte","RO",2020-03-26,0,5,0,0
"Norte","RO",2020-03-27,1,6,0,0
"Norte","RO",2020-03-28,0,6,0,0
"Norte","RO",2020-03-29,0,6,0,0
"Norte","RO",2020-03-30,0,6,0,0
"Norte","RO",2020-03-31,2,8,1,1
"Norte","RO",2020-04-01,1,9,0,1
"Norte","RO",2020-04-02,1,10,0,1
"Norte","RO",2020-04-03,0,10,0,1
"Norte","RO",2020-04-04,1,11,0,1
"Norte","RO",2020-04-05,1,12,0,1
"Norte","RO",2020-04-06,2,14,0,1
"Norte","RO",2020-04-07,4,18,0,1
"Norte","RO",2020-04-08,0,18,0,1
"Norte","RO",2020-04-09,10,28,1,2
"Norte","RO",2020-04-10,4,32,0,2
"Norte","RO",2020-04-11,1,33,0,2
"Norte","RO",2020-04-12,2,35,0,2
"Norte","RO",2020-04-13,7,42,0,2
"Norte","RO",2020-04-14,22,64,0,2
"Norte","RO",2020-04-15,5,69,0,2
"Norte","RO",2020-04-16,7,76,1,3
"Norte","RO",2020-04-17,16,92,0,3
"Norte","RO",2020-04-18,18,110,0,3
"Norte","RO",2020-04-19,18,128,1,4
"Norte","RO",2020-04-20,32,160,0,4
"Norte","RO",2020-04-21,39,199,0,4
"Norte","RO",2020-04-22,24,223,1,5
"Norte","RO",2020-04-23,27,250,0,5
"Norte","RO",2020-04-24,40,290,0,5
"Norte","RO",2020-04-25,38,328,2,7
"Norte","RO",2020-04-26,36,364,3,10
"Norte","RO",2020-04-27,29,393,0,10
"Norte","RO",2020-04-28,20,413,1,11
"Norte","RO",2020-04-29,20,433,4,15
"Norte","RO",2020-04-30,69,502,1,16
"Norte","RO",2020-05-01,83,585,2,18
"Norte","RO",2020-05-02,68,653,5,23
"Norte","RO",2020-05-03,52,705,1,24
"Norte","RO",2020-05-04,51,756,1,25
"Norte","RO",2020-05-05,105,861,4,29
"Norte","RO",2020-05-06,82,943,4,33
"Norte","RO",2020-05-07,155,1098,4,37
"Norte","RO",2020-05-08,124,1222,2,39
"Norte","RO",2020-05-09,41,1263,2,41
"Norte","RO",2020-05-10,39,1302,2,43
"Norte","RO",2020-05-11,94,1396,4,47
"Norte","RO",2020-05-12,64,1460,3,50
"Norte","RO",2020-05-13,152,1612,0,50
"Norte","RO",2020-05-14,74,1686,6,56
"Norte","RO",2020-05-15,103,1789,6,62
"Norte","RO",2020-05-16,130,1919,7,69
"Norte","RO",2020-05-17,44,1963,5,74
"Norte","RO",2020-05-18,80,2043,3,77
"Norte","RO",2020-05-19,214,2257,10,87
"Norte","RO",2020-05-20,242,2499,3,90
"Norte","RO",2020-05-21,160,2659,11,101
"Norte","RO",2020-05-22,115,2774,5,106
"Norte","RO",2020-05-23,335,3109,9,115
"Norte","RO",2020-05-24,92,3201,6,121
"Norte","RO",2020-05-25,67,3268,0,121
"Norte","RO",2020-05-26,225,3493,12,133
"Norte","RO",2020-05-27,369,3862,4,137
"Norte","RO",2020-05-28,390,4252,5,142
"Norte","RO",2020-05-29,250,4502,3,145
"Norte","RO",2020-05-30,241,4743,6,151
"Norte","RO",2020-05-31,199,4942,5,156
"Norte","AC",2020-03-19,0,3,0,0
"Norte","AC",2020-03-20,4,7,0,0
"Norte","AC",2020-03-21,2,9,0,0
"Norte","AC",2020-03-22,2,11,0,0
"Norte","AC",2020-03-23,0,11,0,0
"Norte","AC",2020-03-24,6,17,0,0
"Norte","AC",2020-03-25,6,23,0,0
"Norte","AC",2020-03-26,1,24,0,0
"Norte","AC",2020-03-27,1,25,0,0
"Norte","AC",2020-03-28,0,25,0,0
"Norte","AC",2020-03-29,9,34,0,0
"Norte","AC",2020-03-30,8,42,0,0
"Norte","AC",2020-03-31,0,42,0,0
"Norte","AC",2020-04-01,1,43,0,0
"Norte","AC",2020-04-02,0,43,0,0
"Norte","AC",2020-04-03,3,46,0,0
"Norte","AC",2020-04-04,0,46,0,0
"Norte","AC",2020-04-05,2,48,0,0
"Norte","AC",2020-04-06,2,50,0,0
"Norte","AC",2020-04-07,0,50,1,1
"Norte","AC",2020-04-08,4,54,1,2
"Norte","AC",2020-04-09,8,62,0,2
"Norte","AC",2020-04-10,8,70,0,2
"Norte","AC",2020-04-11,2,72,0,2
"Norte","AC",2020-04-12,5,77,0,2
"Norte","AC",2020-04-13,13,90,1,3
"Norte","AC",2020-04-14,9,99,0,3
"Norte","AC",2020-04-15,2,101,0,3
"Norte","AC",2020-04-16,9,110,2,5
"Norte","AC",2020-04-17,25,135,0,5
"Norte","AC",2020-04-18,7,142,0,5
"Norte","AC",2020-04-19,21,163,1,6
"Norte","AC",2020-04-20,13,176,2,8
"Norte","AC",2020-04-21,19,195,0,8
"Norte","AC",2020-04-22,19,214,0,8
"Norte","AC",2020-04-23,13,227,2,10
"Norte","AC",2020-04-24,7,234,1,11
"Norte","AC",2020-04-25,24,258,0,11
"Norte","AC",2020-04-26,21,279,0,11
"Norte","AC",2020-04-27,0,279,3,14
"Norte","AC",2020-04-28,32,311,2,16
"Norte","AC",2020-04-29,43,354,1,17
"Norte","AC",2020-04-30,50,404,2,19
"Norte","AC",2020-05-01,82,486,0,19
"Norte","AC",2020-05-02,67,553,2,21
"Norte","AC",2020-05-03,104,657,3,24
"Norte","AC",2020-05-04,76,733,4,28
"Norte","AC",2020-05-05,84,817,1,29
"Norte","AC",2020-05-06,126,943,4,33
"Norte","AC",2020-05-07,71,1014,3,36
"Norte","AC",2020-05-08,163,1177,2,38
"Norte","AC",2020-05-09,158,1335,1,39
"Norte","AC",2020-05-10,112,1447,2,41
"Norte","AC",2020-05-11,13,1460,4,45
"Norte","AC",2020-05-12,130,1590,6,51
"Norte","AC",2020-05-13,104,1694,1,52
"Norte","AC",2020-05-14,46,1740,3,55
"Norte","AC",2020-05-15,45,1785,2,57
"Norte","AC",2020-05-16,82,1867,2,59
"Norte","AC",2020-05-17,130,1997,1,60
"Norte","AC",2020-05-18,237,2234,7,67
"Norte","AC",2020-05-19,248,2482,5,72
"Norte","AC",2020-05-20,335,2817,4,76
"Norte","AC",2020-05-21,286,3103,2,78
"Norte","AC",2020-05-22,240,3343,2,80
"Norte","AC",2020-05-23,524,3867,7,87
"Norte","AC",2020-05-24,293,4160,5,92
"Norte","AC",2020-05-25,341,4501,5,97
"Norte","AC",2020-05-26,280,4781,8,105
"Norte","AC",2020-05-27,470,5251,8,113
"Norte","AC",2020-05-28,349,5600,9,122
"Norte","AC",2020-05-29,241,5841,13,135
"Norte","AC",2020-05-30,231,6072,7,142
"Norte","AC",2020-05-31,147,6219,6,148
"Norte","AM",2020-03-15,0,1,0,0
"Norte","AM",2020-03-16,0,1,0,0
"Norte","AM",2020-03-17,0,1,0,0
"Norte","AM",2020-03-18,0,1,0,0
"Norte","AM",2020-03-19,2,3,0,0
"Norte","AM",2020-03-20,0,3,0,0
"Norte","AM",2020-03-21,8,11,0,0
"Norte","AM",2020-03-22,15,26,0,0
"Norte","AM",2020-03-23,6,32,0,0
"Norte","AM",2020-03-24,15,47,0,0
"Norte","AM",2020-03-25,7,54,1,1
"Norte","AM",2020-03-26,13,67,0,1
"Norte","AM",2020-03-27,14,81,0,1
"Norte","AM",2020-03-28,30,111,0,1
"Norte","AM",2020-03-29,29,140,0,1
"Norte","AM",2020-03-30,11,151,0,1
"Norte","AM",2020-03-31,24,175,2,3
"Norte","AM",2020-04-01,25,200,0,3
"Norte","AM",2020-04-02,29,229,0,3
"Norte","AM",2020-04-03,31,260,4,7
"Norte","AM",2020-04-04,51,311,5,12
"Norte","AM",2020-04-05,106,417,2,14
"Norte","AM",2020-04-06,115,532,5,19
"Norte","AM",2020-04-07,104,636,4,23
"Norte","AM",2020-04-08,168,804,7,30
"Norte","AM",2020-04-09,95,899,10,40
"Norte","AM",2020-04-10,82,981,10,50
"Norte","AM",2020-04-11,69,1050,3,53
"Norte","AM",2020-04-12,156,1206,9,62
"Norte","AM",2020-04-13,69,1275,9,71
"Norte","AM",2020-04-14,209,1484,19,90
"Norte","AM",2020-04-15,70,1554,16,106
"Norte","AM",2020-04-16,165,1719,18,124
"Norte","AM",2020-04-17,90,1809,21,145
"Norte","AM",2020-04-18,88,1897,16,161
"Norte","AM",2020-04-19,147,2044,21,182
"Norte","AM",2020-04-20,116,2160,3,185
"Norte","AM",2020-04-21,110,2270,8,193
"Norte","AM",2020-04-22,209,2479,14,207
"Norte","AM",2020-04-23,409,2888,27,234
"Norte","AM",2020-04-24,306,3194,21,255
"Norte","AM",2020-04-25,441,3635,32,287
"Norte","AM",2020-04-26,198,3833,17,304
"Norte","AM",2020-04-27,95,3928,16,320
"Norte","AM",2020-04-28,409,4337,31,351
"Norte","AM",2020-04-29,464,4801,29,380
"Norte","AM",2020-04-30,453,5254,45,425
"Norte","AM",2020-05-01,469,5723,51,476
"Norte","AM",2020-05-02,339,6062,25,501
"Norte","AM",2020-05-03,621,6683,47,548
"Norte","AM",2020-05-04,559,7242,36,584
"Norte","AM",2020-05-05,867,8109,65,649
"Norte","AM",2020-05-06,1134,9243,102,751
"Norte","AM",2020-05-07,856,10099,55,806
"Norte","AM",2020-05-08,628,10727,68,874
"Norte","AM",2020-05-09,1198,11925,88,962
"Norte","AM",2020-05-10,674,12599,42,1004
"Norte","AM",2020-05-11,320,12919,31,1035
"Norte","AM",2020-05-12,1249,14168,63,1098
"Norte","AM",2020-05-13,1648,15816,62,1160
"Norte","AM",2020-05-14,1365,17181,75,1235
"Norte","AM",2020-05-15,1211,18392,96,1331
"Norte","AM",2020-05-16,1285,19677,44,1375
"Norte","AM",2020-05-17,651,20328,38,1413
"Norte","AM",2020-05-18,585,20913,20,1433
"Norte","AM",2020-05-19,1219,22132,58,1491
"Norte","AM",2020-05-20,1572,23704,70,1561
"Norte","AM",2020-05-21,1663,25367,59,1620
"Norte","AM",2020-05-22,1671,27038,49,1669
"Norte","AM",2020-05-23,1764,28802,75,1744
"Norte","AM",2020-05-24,1065,29867,14,1758
"Norte","AM",2020-05-25,415,30282,23,1781
"Norte","AM",2020-05-26,1667,31949,71,1852
"Norte","AM",2020-05-27,1559,33508,39,1891
"Norte","AM",2020-05-28,2638,36146,73,1964
"Norte","AM",2020-05-29,2763,38909,47,2011
"Norte","AM",2020-05-30,1651,40560,36,2047
"Norte","AM",2020-05-31,818,41378,5,2052
"Norte","RR",2020-03-22,0,2,0,0
"Norte","RR",2020-03-23,0,2,0,0
"Norte","RR",2020-03-24,0,2,0,0
"Norte","RR",2020-03-25,6,8,0,0
"Norte","RR",2020-03-26,0,8,0,0
"Norte","RR",2020-03-27,2,10,0,0
"Norte","RR",2020-03-28,2,12,0,0
"Norte","RR",2020-03-29,4,16,0,0
"Norte","RR",2020-03-30,0,16,0,0
"Norte","RR",2020-03-31,0,16,0,0
"Norte","RR",2020-04-01,6,22,0,0
"Norte","RR",2020-04-02,4,26,0,0
"Norte","RR",2020-04-03,4,30,0,0
"Norte","RR",2020-04-04,7,37,1,1
"Norte","RR",2020-04-05,5,42,0,1
"Norte","RR",2020-04-06,0,42,0,1
"Norte","RR",2020-04-07,0,42,0,1
"Norte","RR",2020-04-08,7,49,0,1
"Norte","RR",2020-04-09,3,52,0,1
"Norte","RR",2020-04-10,11,63,2,3
"Norte","RR",2020-04-11,12,75,0,3
"Norte","RR",2020-04-12,4,79,0,3
"Norte","RR",2020-04-13,4,83,0,3
"Norte","RR",2020-04-14,30,113,0,3
"Norte","RR",2020-04-15,1,114,0,3
"Norte","RR",2020-04-16,28,142,0,3
"Norte","RR",2020-04-17,22,164,0,3
"Norte","RR",2020-04-18,37,201,0,3
"Norte","RR",2020-04-19,21,222,0,3
"Norte","RR",2020-04-20,22,244,0,3
"Norte","RR",2020-04-21,3,247,0,3
"Norte","RR",2020-04-22,33,280,0,3
"Norte","RR",2020-04-23,17,297,0,3
"Norte","RR",2020-04-24,7,304,0,3
"Norte","RR",2020-04-25,41,345,0,3
"Norte","RR",2020-04-26,56,401,1,4
"Norte","RR",2020-04-27,6,407,0,4
"Norte","RR",2020-04-28,18,425,2,6
"Norte","RR",2020-04-29,27,452,0,6
"Norte","RR",2020-04-30,67,519,1,7
"Norte","RR",2020-05-01,83,602,1,8
"Norte","RR",2020-05-02,66,668,1,9
"Norte","RR",2020-05-03,72,740,2,11
"Norte","RR",2020-05-04,66,806,0,11
"Norte","RR",2020-05-05,63,869,0,11
"Norte","RR",2020-05-06,63,932,2,13
"Norte","RR",2020-05-07,88,1020,1,14
"Norte","RR",2020-05-08,104,1124,2,16
"Norte","RR",2020-05-09,78,1202,2,18
"Norte","RR",2020-05-10,88,1290,3,21
"Norte","RR",2020-05-11,5,1295,3,24
"Norte","RR",2020-05-12,33,1328,3,27
"Norte","RR",2020-05-13,83,1411,2,29
"Norte","RR",2020-05-14,89,1500,8,37
"Norte","RR",2020-05-15,89,1589,3,40
"Norte","RR",2020-05-16,117,1706,9,49
"Norte","RR",2020-05-17,85,1791,2,51
"Norte","RR",2020-05-18,85,1876,9,60
"Norte","RR",2020-05-19,109,1985,1,61
"Norte","RR",2020-05-20,82,2067,3,64
"Norte","RR",2020-05-21,79,2146,8,72
"Norte","RR",2020-05-22,160,2306,9,81
"Norte","RR",2020-05-23,68,2374,0,81
"Norte","RR",2020-05-24,65,2439,3,84
"Norte","RR",2020-05-25,75,2514,2,86
"Norte","RR",2020-05-26,69,2583,16,102
"Norte","RR",2020-05-27,99,2682,0,102
"Norte","RR",2020-05-28,277,2959,0,102
"Norte","RR",2020-05-29,139,3098,6,108
"Norte","RR",2020-05-30,201,3299,2,110
"Norte","RR",2020-05-31,175,3474,6,116
"Norte","PA",2020-03-19,0,1,0,0
"Norte","PA",2020-03-20,1,2,0,0
"Norte","PA",2020-03-21,0,2,0,0
"Norte","PA",2020-03-22,2,4,0,0
"Norte","PA",2020-03-23,1,5,0,0
"Norte","PA",2020-03-24,0,5,0,0
"Norte","PA",2020-03-25,2,7,0,0
"Norte","PA",2020-03-26,6,13,0,0
"Norte","PA",2020-03-27,0,13,0,0
"Norte","PA",2020-03-28,4,17,0,0
"Norte","PA",2020-03-29,1,18,0,0
"Norte","PA",2020-03-30,3,21,0,0
"Norte","PA",2020-03-31,11,32,0,0
"Norte","PA",2020-04-01,8,40,1,1
"Norte","PA",2020-04-02,6,46,0,1
"Norte","PA",2020-04-03,4,50,0,1
"Norte","PA",2020-04-04,30,80,0,1
"Norte","PA",2020-04-05,6,86,0,1
"Norte","PA",2020-04-06,16,102,2,3
"Norte","PA",2020-04-07,36,138,2,5
"Norte","PA",2020-04-08,29,167,1,6
"Norte","PA",2020-04-09,1,168,1,7
"Norte","PA",2020-04-10,2,170,2,9
"Norte","PA",2020-04-11,47,217,1,10
"Norte","PA",2020-04-12,29,246,3,13
"Norte","PA",2020-04-13,24,270,2,15
"Norte","PA",2020-04-14,53,323,4,19
"Norte","PA",2020-04-15,61,384,2,21
"Norte","PA",2020-04-16,54,438,3,24
"Norte","PA",2020-04-17,119,557,2,26
"Norte","PA",2020-04-18,83,640,7,33
"Norte","PA",2020-04-19,45,685,1,34
"Norte","PA",2020-04-20,217,902,1,35
"Norte","PA",2020-04-21,124,1026,3,38
"Norte","PA",2020-04-22,169,1195,5,43
"Norte","PA",2020-04-23,72,1267,10,53
"Norte","PA",2020-04-24,179,1446,22,75
"Norte","PA",2020-04-25,133,1579,11,86
"Norte","PA",2020-04-26,288,1867,14,100
"Norte","PA",2020-04-27,261,2128,14,114
"Norte","PA",2020-04-28,134,2262,15,129
"Norte","PA",2020-04-29,160,2422,8,137
"Norte","PA",2020-04-30,454,2876,71,208
"Norte","PA",2020-05-01,300,3176,27,235
"Norte","PA",2020-05-02,284,3460,38,273
"Norte","PA",2020-05-03,403,3863,36,309
"Norte","PA",2020-05-04,262,4125,21,330
"Norte","PA",2020-05-05,347,4472,39,369
"Norte","PA",2020-05-06,545,5017,23,392
"Norte","PA",2020-05-07,507,5524,18,410
"Norte","PA",2020-05-08,617,6141,105,515
"Norte","PA",2020-05-09,634,6775,63,578
"Norte","PA",2020-05-10,481,7256,74,652
"Norte","PA",2020-05-11,307,7563,56,708
"Norte","PA",2020-05-12,1053,8616,156,864
"Norte","PA",2020-05-13,1002,9618,82,946
"Norte","PA",2020-05-14,1249,10867,117,1063
"Norte","PA",2020-05-15,1242,12109,82,1145
"Norte","PA",2020-05-16,1075,13184,54,1199
"Norte","PA",2020-05-17,680,13864,40,1239
"Norte","PA",2020-05-18,870,14734,90,1329
"Norte","PA",2020-05-19,1561,16295,190,1519
"Norte","PA",2020-05-20,1840,18135,114,1633
"Norte","PA",2020-05-21,1621,19756,219,1852
"Norte","PA",2020-05-22,1713,21469,85,1937
"Norte","PA",2020-05-23,1228,22697,64,2001
"Norte","PA",2020-05-24,1428,24125,147,2148
"Norte","PA",2020-05-25,1952,26077,224,2372
"Norte","PA",2020-05-26,2523,28600,97,2469
"Norte","PA",2020-05-27,2433,31033,76,2545
"Norte","PA",2020-05-28,2666,33699,159,2704
"Norte","PA",2020-05-29,2787,36486,123,2827
"Norte","PA",2020-05-30,810,37296,73,2900
"Norte","PA",2020-05-31,665,37961,23,2923
"Norte","AP",2020-03-20,0,1,0,0
"Norte","AP",2020-03-21,0,1,0,0
"Norte","AP",2020-03-22,0,1,0,0
"Norte","AP",2020-03-23,0,1,0,0
"Norte","AP",2020-03-24,0,1,0,0
"Norte","AP",2020-03-25,0,1,0,0
"Norte","AP",2020-03-26,1,2,0,0
"Norte","AP",2020-03-27,0,2,0,0
"Norte","AP",2020-03-28,2,4,0,0
"Norte","AP",2020-03-29,0,4,0,0
"Norte","AP",2020-03-30,4,8,0,0
"Norte","AP",2020-03-31,2,10,0,0
"Norte","AP",2020-04-01,1,11,0,0
"Norte","AP",2020-04-02,0,11,0,0
"Norte","AP",2020-04-03,8,19,0,0
"Norte","AP",2020-04-04,9,28,1,1
"Norte","AP",2020-04-05,1,29,1,2
"Norte","AP",2020-04-06,5,34,0,2
"Norte","AP",2020-04-07,14,48,0,2
"Norte","AP",2020-04-08,59,107,0,2
"Norte","AP",2020-04-09,21,128,0,2
"Norte","AP",2020-04-10,38,166,0,2
"Norte","AP",2020-04-11,27,193,1,3
"Norte","AP",2020-04-12,37,230,2,5
"Norte","AP",2020-04-13,12,242,0,5
"Norte","AP",2020-04-14,65,307,1,6
"Norte","AP",2020-04-15,27,334,1,7
"Norte","AP",2020-04-16,28,362,2,9
"Norte","AP",2020-04-17,8,370,1,10
"Norte","AP",2020-04-18,23,393,0,10
"Norte","AP",2020-04-19,23,416,1,11
"Norte","AP",2020-04-20,17,433,2,13
"Norte","AP",2020-04-21,24,457,0,13
"Norte","AP",2020-04-22,22,479,1,14
"Norte","AP",2020-04-23,69,548,2,16
"Norte","AP",2020-04-24,85,633,2,18
"Norte","AP",2020-04-25,52,685,1,19
"Norte","AP",2020-04-26,113,798,2,21
"Norte","AP",2020-04-27,44,842,5,26
"Norte","AP",2020-04-28,76,918,2,28
"Norte","AP",2020-04-29,98,1016,3,31
"Norte","AP",2020-04-30,64,1080,3,34
"Norte","AP",2020-05-01,41,1121,3,37
"Norte","AP",2020-05-02,66,1187,3,40
"Norte","AP",2020-05-03,295,1482,3,43
"Norte","AP",2020-05-04,251,1733,6,49
"Norte","AP",2020-05-05,198,1931,6,55
"Norte","AP",2020-05-06,115,2046,1,56
"Norte","AP",2020-05-07,153,2199,5,61
"Norte","AP",2020-05-08,123,2322,5,66
"Norte","AP",2020-05-09,171,2493,3,69
"Norte","AP",2020-05-10,120,2613,3,72
"Norte","AP",2020-05-11,58,2671,1,73
"Norte","AP",2020-05-12,239,2910,13,86
"Norte","AP",2020-05-13,95,3005,8,94
"Norte","AP",2020-05-14,423,3428,7,101
"Norte","AP",2020-05-15,202,3630,2,103
"Norte","AP",2020-05-16,204,3834,5,108
"Norte","AP",2020-05-17,118,3952,11,119
"Norte","AP",2020-05-18,71,4023,8,127
"Norte","AP",2020-05-19,287,4310,9,136
"Norte","AP",2020-05-20,239,4549,6,142
"Norte","AP",2020-05-21,639,5188,9,151
"Norte","AP",2020-05-22,467,5655,6,157
"Norte","AP",2020-05-23,436,6091,5,162
"Norte","AP",2020-05-24,262,6353,1,163
"Norte","AP",2020-05-25,231,6584,5,168
"Norte","AP",2020-05-26,383,6967,5,173
"Norte","AP",2020-05-27,652,7619,10,183
"Norte","AP",2020-05-28,533,8152,15,198
"Norte","AP",2020-05-29,317,8469,9,207
"Norte","AP",2020-05-30,844,9313,8,215
"Norte","AP",2020-05-31,289,9602,7,222
"Norte","TO",2020-03-19,0,1,0,0
"Norte","TO",2020-03-20,0,1,0,0
"Norte","TO",2020-03-21,1,2,0,0
"Norte","TO",2020-03-22,0,2,0,0
"Norte","TO",2020-03-23,3,5,0,0
"Norte","TO",2020-03-24,2,7,0,0
"Norte","TO",2020-03-25,0,7,0,0
"Norte","TO",2020-03-26,0,7,0,0
"Norte","TO",2020-03-27,1,8,0,0
"Norte","TO",2020-03-28,1,9,0,0
"Norte","TO",2020-03-29,0,9,0,0
"Norte","TO",2020-03-30,1,10,0,0
"Norte","TO",2020-03-31,1,11,0,0
"Norte","TO",2020-04-01,1,12,0,0
"Norte","TO",2020-04-02,0,12,0,0
"Norte","TO",2020-04-03,0,12,0,0
"Norte","TO",2020-04-04,2,14,0,0
"Norte","TO",2020-04-05,3,17,0,0
"Norte","TO",2020-04-06,0,17,0,0
"Norte","TO",2020-04-07,2,19,0,0
"Norte","TO",2020-04-08,4,23,0,0
"Norte","TO",2020-04-09,0,23,0,0
"Norte","TO",2020-04-10,0,23,0,0
"Norte","TO",2020-04-11,0,23,0,0
"Norte","TO",2020-04-12,2,25,0,0
"Norte","TO",2020-04-13,1,26,0,0
"Norte","TO",2020-04-14,0,26,0,0
"Norte","TO",2020-04-15,0,26,1,1
"Norte","TO",2020-04-16,3,29,0,1
"Norte","TO",2020-04-17,2,31,0,1
"Norte","TO",2020-04-18,2,33,0,1
"Norte","TO",2020-04-19,0,33,0,1
"Norte","TO",2020-04-20,1,34,0,1
"Norte","TO",2020-04-21,3,37,0,1
"Norte","TO",2020-04-22,0,37,0,1
"Norte","TO",2020-04-23,0,37,1,2
"Norte","TO",2020-04-24,6,43,0,2
"Norte","TO",2020-04-25,7,50,0,2
"Norte","TO",2020-04-26,8,58,0,2
"Norte","TO",2020-04-27,9,67,0,2
"Norte","TO",2020-04-28,12,79,0,2
"Norte","TO",2020-04-29,37,116,1,3
"Norte","TO",2020-04-30,21,137,0,3
"Norte","TO",2020-05-01,27,164,0,3
"Norte","TO",2020-05-02,27,191,1,4
"Norte","TO",2020-05-03,55,246,0,4
"Norte","TO",2020-05-04,21,267,2,6
"Norte","TO",2020-05-05,36,303,1,7
"Norte","TO",2020-05-06,48,351,2,9
"Norte","TO",2020-05-07,72,423,0,9
"Norte","TO",2020-05-08,71,494,0,9
"Norte","TO",2020-05-09,78,572,0,9
"Norte","TO",2020-05-10,116,688,2,11
"Norte","TO",2020-05-11,59,747,1,12
"Norte","TO",2020-05-12,81,828,2,14
"Norte","TO",2020-05-13,104,932,7,21
"Norte","TO",2020-05-14,97,1029,2,23
"Norte","TO",2020-05-15,150,1179,1,24
"Norte","TO",2020-05-16,100,1279,3,27
"Norte","TO",2020-05-17,103,1382,4,31
"Norte","TO",2020-05-18,114,1496,1,32
"Norte","TO",2020-05-19,150,1646,6,38
"Norte","TO",2020-05-20,163,1809,4,42
"Norte","TO",2020-05-21,167,1976,5,47
"Norte","TO",2020-05-22,229,2205,2,49
"Norte","TO",2020-05-23,225,2430,2,51
"Norte","TO",2020-05-24,161,2591,1,52
"Norte","TO",2020-05-25,105,2696,6,58
"Norte","TO",2020-05-26,162,2858,6,64
"Norte","TO",2020-05-27,165,3023,1,65
"Norte","TO",2020-05-28,254,3277,3,68
"Norte","TO",2020-05-29,334,3611,2,70
"Norte","TO",2020-05-30,370,3981,1,71
"Norte","TO",2020-05-31,195,4176,2,73
"Nordeste","MA",2020-03-21,0,1,0,0
"Nordeste","MA",2020-03-22,1,2,0,0
"Nordeste","MA",2020-03-23,0,2,0,0
"Nordeste","MA",2020-03-24,6,8,0,0
"Nordeste","MA",2020-03-25,0,8,0,0
"Nordeste","MA",2020-03-26,2,10,0,0
"Nordeste","MA",2020-03-27,3,13,0,0
"Nordeste","MA",2020-03-28,1,14,0,0
"Nordeste","MA",2020-03-29,2,16,0,0
"Nordeste","MA",2020-03-30,7,23,1,1
"Nordeste","MA",2020-03-31,8,31,0,1
"Nordeste","MA",2020-04-01,21,52,0,1
"Nordeste","MA",2020-04-02,19,71,0,1
"Nordeste","MA",2020-04-03,10,81,0,1
"Nordeste","MA",2020-04-04,7,88,0,1
"Nordeste","MA",2020-04-05,8,96,1,2
"Nordeste","MA",2020-04-06,37,133,0,2
"Nordeste","MA",2020-04-07,39,172,2,4
"Nordeste","MA",2020-04-08,58,230,7,11
"Nordeste","MA",2020-04-09,43,273,1,12
"Nordeste","MA",2020-04-10,20,293,4,16
"Nordeste","MA",2020-04-11,51,344,5,21
"Nordeste","MA",2020-04-12,54,398,3,24
"Nordeste","MA",2020-04-13,47,445,3,27
"Nordeste","MA",2020-04-14,33,478,5,32
"Nordeste","MA",2020-04-15,152,630,2,34
"Nordeste","MA",2020-04-16,65,695,3,37
"Nordeste","MA",2020-04-17,102,797,3,40
"Nordeste","MA",2020-04-18,243,1040,4,44
"Nordeste","MA",2020-04-19,165,1205,4,48
"Nordeste","MA",2020-04-20,115,1320,6,54
"Nordeste","MA",2020-04-21,76,1396,6,60
"Nordeste","MA",2020-04-22,208,1604,6,66
"Nordeste","MA",2020-04-23,153,1757,10,76
"Nordeste","MA",2020-04-24,194,1951,12,88
"Nordeste","MA",2020-04-25,154,2105,12,100
"Nordeste","MA",2020-04-26,118,2223,12,112
"Nordeste","MA",2020-04-27,187,2410,13,125
"Nordeste","MA",2020-04-28,118,2528,20,145
"Nordeste","MA",2020-04-29,276,2804,21,166
"Nordeste","MA",2020-04-30,386,3190,18,184
"Nordeste","MA",2020-05-01,316,3506,20,204
"Nordeste","MA",2020-05-02,299,3805,20,224
"Nordeste","MA",2020-05-03,235,4040,13,237
"Nordeste","MA",2020-05-04,187,4227,12,249
"Nordeste","MA",2020-05-05,303,4530,22,271
"Nordeste","MA",2020-05-06,498,5028,20,291
"Nordeste","MA",2020-05-07,361,5389,14,305
"Nordeste","MA",2020-05-08,520,5909,25,330
"Nordeste","MA",2020-05-09,856,6765,25,355
"Nordeste","MA",2020-05-10,834,7599,24,379
"Nordeste","MA",2020-05-11,545,8144,20,399
"Nordeste","MA",2020-05-12,382,8526,24,423
"Nordeste","MA",2020-05-13,586,9112,21,444
"Nordeste","MA",2020-05-14,689,9801,26,470
"Nordeste","MA",2020-05-15,938,10739,26,496
"Nordeste","MA",2020-05-16,853,11592,28,524
"Nordeste","MA",2020-05-17,900,12492,25,549
"Nordeste","MA",2020-05-18,746,13238,27,576
"Nordeste","MA",2020-05-19,960,14198,28,604
"Nordeste","MA",2020-05-20,916,15114,30,634
"Nordeste","MA",2020-05-21,944,16058,29,663
"Nordeste","MA",2020-05-22,1154,17212,30,693
"Nordeste","MA",2020-05-23,1555,18767,29,722
"Nordeste","MA",2020-05-24,2424,21191,32,754
"Nordeste","MA",2020-05-25,1595,22786,30,784
"Nordeste","MA",2020-05-26,1492,24278,33,817
"Nordeste","MA",2020-05-27,1867,26145,36,853
"Nordeste","MA",2020-05-28,1834,27979,34,887
"Nordeste","MA",2020-05-29,2503,30482,24,911
"Nordeste","MA",2020-05-30,2138,32620,21,932
"Nordeste","MA",2020-05-31,2019,34639,23,955
"Nordeste","PI",2020-03-20,0,3,0,0
"Nordeste","PI",2020-03-21,1,4,0,0
"Nordeste","PI",2020-03-22,0,4,0,0
"Nordeste","PI",2020-03-23,2,6,0,0
"Nordeste","PI",2020-03-24,0,6,0,0
"Nordeste","PI",2020-03-25,2,8,0,0
"Nordeste","PI",2020-03-26,1,9,0,0
"Nordeste","PI",2020-03-27,0,9,0,0
"Nordeste","PI",2020-03-28,2,11,1,1
"Nordeste","PI",2020-03-29,3,14,0,1
"Nordeste","PI",2020-03-30,2,16,2,3
"Nordeste","PI",2020-03-31,2,18,1,4
"Nordeste","PI",2020-04-01,0,18,0,4
"Nordeste","PI",2020-04-02,1,19,0,4
"Nordeste","PI",2020-04-03,2,21,0,4
"Nordeste","PI",2020-04-04,1,22,0,4
"Nordeste","PI",2020-04-05,1,23,0,4
"Nordeste","PI",2020-04-06,0,23,0,4
"Nordeste","PI",2020-04-07,5,28,0,4
"Nordeste","PI",2020-04-08,3,31,1,5
"Nordeste","PI",2020-04-09,7,38,1,6
"Nordeste","PI",2020-04-10,2,40,1,7
"Nordeste","PI",2020-04-11,1,41,0,7
"Nordeste","PI",2020-04-12,3,44,0,7
"Nordeste","PI",2020-04-13,6,50,1,8
"Nordeste","PI",2020-04-14,8,58,0,8
"Nordeste","PI",2020-04-15,17,75,0,8
"Nordeste","PI",2020-04-16,16,91,0,8
"Nordeste","PI",2020-04-17,11,102,0,8
"Nordeste","PI",2020-04-18,21,123,1,9
"Nordeste","PI",2020-04-19,22,145,1,10
"Nordeste","PI",2020-04-20,13,158,2,12
"Nordeste","PI",2020-04-21,28,186,2,14
"Nordeste","PI",2020-04-22,20,206,1,15
"Nordeste","PI",2020-04-23,11,217,0,15
"Nordeste","PI",2020-04-24,39,256,1,16
"Nordeste","PI",2020-04-25,41,297,1,17
"Nordeste","PI",2020-04-26,34,331,1,18
"Nordeste","PI",2020-04-27,33,364,2,20
"Nordeste","PI",2020-04-28,44,408,1,21
"Nordeste","PI",2020-04-29,46,454,3,24
"Nordeste","PI",2020-04-30,59,513,0,24
"Nordeste","PI",2020-05-01,87,600,0,24
"Nordeste","PI",2020-05-02,65,665,2,26
"Nordeste","PI",2020-05-03,77,742,2,28
"Nordeste","PI",2020-05-04,42,784,0,28
"Nordeste","PI",2020-05-05,91,875,1,29
"Nordeste","PI",2020-05-06,74,949,1,30
"Nordeste","PI",2020-05-07,102,1051,5,35
"Nordeste","PI",2020-05-08,80,1131,2,37
"Nordeste","PI",2020-05-09,102,1233,1,38
"Nordeste","PI",2020-05-10,45,1278,4,42
"Nordeste","PI",2020-05-11,54,1332,3,45
"Nordeste","PI",2020-05-12,111,1443,4,49
"Nordeste","PI",2020-05-13,169,1612,8,57
"Nordeste","PI",2020-05-14,172,1784,3,60
"Nordeste","PI",2020-05-15,121,1905,0,60
"Nordeste","PI",2020-05-16,180,2085,5,65
"Nordeste","PI",2020-05-17,167,2252,7,72
"Nordeste","PI",2020-05-18,35,2287,8,80
"Nordeste","PI",2020-05-19,153,2440,5,85
"Nordeste","PI",2020-05-20,197,2637,2,87
"Nordeste","PI",2020-05-21,215,2852,4,91
"Nordeste","PI",2020-05-22,222,3074,2,93
"Nordeste","PI",2020-05-23,184,3258,6,99
"Nordeste","PI",2020-05-24,132,3390,8,107
"Nordeste","PI",2020-05-25,160,3550,3,110
"Nordeste","PI",2020-05-26,170,3720,9,119
"Nordeste","PI",2020-05-27,246,3966,15,134
"Nordeste","PI",2020-05-28,277,4243,4,138
"Nordeste","PI",2020-05-29,260,4503,8,146
"Nordeste","PI",2020-05-30,242,4745,11,157
"Nordeste","PI",2020-05-31,186,4931,4,161
"Nordeste","CE",2020-03-17,0,5,0,0
"Nordeste","CE",2020-03-18,4,9,0,0
"Nordeste","CE",2020-03-19,11,20,0,0
"Nordeste","CE",2020-03-20,35,55,0,0
"Nordeste","CE",2020-03-21,13,68,0,0
"Nordeste","CE",2020-03-22,44,112,0,0
"Nordeste","CE",2020-03-23,51,163,0,0
"Nordeste","CE",2020-03-24,19,182,0,0
"Nordeste","CE",2020-03-25,18,200,0,0
"Nordeste","CE",2020-03-26,35,235,3,3
"Nordeste","CE",2020-03-27,47,282,0,3
"Nordeste","CE",2020-03-28,32,314,1,4
"Nordeste","CE",2020-03-29,34,348,1,5
"Nordeste","CE",2020-03-30,24,372,0,5
"Nordeste","CE",2020-03-31,18,390,2,7
"Nordeste","CE",2020-04-01,54,444,1,8
"Nordeste","CE",2020-04-02,106,550,12,20
"Nordeste","CE",2020-04-03,77,627,2,22
"Nordeste","CE",2020-04-04,103,730,0,22
"Nordeste","CE",2020-04-05,93,823,4,26
"Nordeste","CE",2020-04-06,190,1013,3,29
"Nordeste","CE",2020-04-07,38,1051,2,31
"Nordeste","CE",2020-04-08,240,1291,12,43
"Nordeste","CE",2020-04-09,134,1425,12,55
"Nordeste","CE",2020-04-10,53,1478,3,58
"Nordeste","CE",2020-04-11,104,1582,9,67
"Nordeste","CE",2020-04-12,94,1676,7,74
"Nordeste","CE",2020-04-13,124,1800,17,91
"Nordeste","CE",2020-04-14,205,2005,16,107
"Nordeste","CE",2020-04-15,152,2157,9,116
"Nordeste","CE",2020-04-16,229,2386,8,124
"Nordeste","CE",2020-04-17,298,2684,25,149
"Nordeste","CE",2020-04-18,350,3034,27,176
"Nordeste","CE",2020-04-19,218,3252,10,186
"Nordeste","CE",2020-04-20,230,3482,12,198
"Nordeste","CE",2020-04-21,234,3716,17,215
"Nordeste","CE",2020-04-22,194,3910,18,233
"Nordeste","CE",2020-04-23,688,4598,33,266
"Nordeste","CE",2020-04-24,202,4800,18,284
"Nordeste","CE",2020-04-25,621,5421,26,310
"Nordeste","CE",2020-04-26,412,5833,17,327
"Nordeste","CE",2020-04-27,893,6726,63,390
"Nordeste","CE",2020-04-28,192,6918,13,403
"Nordeste","CE",2020-04-29,349,7267,38,441
"Nordeste","CE",2020-04-30,339,7606,41,482
"Nordeste","CE",2020-05-01,273,7879,23,505
"Nordeste","CE",2020-05-02,352,8231,109,614
"Nordeste","CE",2020-05-03,139,8370,49,663
"Nordeste","CE",2020-05-04,2670,11040,49,712
"Nordeste","CE",2020-05-05,430,11470,83,795
"Nordeste","CE",2020-05-06,834,12304,53,848
"Nordeste","CE",2020-05-07,1584,13888,55,903
"Nordeste","CE",2020-05-08,1068,14956,63,966
"Nordeste","CE",2020-05-09,923,15879,96,1062
"Nordeste","CE",2020-05-10,813,16692,52,1114
"Nordeste","CE",2020-05-11,907,17599,75,1189
"Nordeste","CE",2020-05-12,813,18412,91,1280
"Nordeste","CE",2020-05-13,744,19156,109,1389
"Nordeste","CE",2020-05-14,1921,21077,24,1413
"Nordeste","CE",2020-05-15,1413,22490,63,1476
"Nordeste","CE",2020-05-16,1305,23795,138,1614
"Nordeste","CE",2020-05-17,460,24255,27,1641
"Nordeste","CE",2020-05-18,2108,26363,107,1748
"Nordeste","CE",2020-05-19,1749,28112,108,1856
"Nordeste","CE",2020-05-20,2448,30560,44,1900
"Nordeste","CE",2020-05-21,853,31413,261,2161
"Nordeste","CE",2020-05-22,3160,34573,90,2251
"Nordeste","CE",2020-05-23,549,35122,57,2308
"Nordeste","CE",2020-05-24,473,35595,16,2324
"Nordeste","CE",2020-05-25,590,36185,169,2493
"Nordeste","CE",2020-05-26,836,37021,110,2603
"Nordeste","CE",2020-05-27,254,37275,68,2671
"Nordeste","CE",2020-05-28,546,37821,62,2733
"Nordeste","CE",2020-05-29,574,38395,126,2859
"Nordeste","CE",2020-05-30,8111,46506,97,2956
"Nordeste","CE",2020-05-31,1983,48489,54,3010
"Nordeste","RN",2020-03-13,0,1,0,0
"Nordeste","RN",2020-03-14,0,1,0,0
"Nordeste","RN",2020-03-15,0,1,0,0
"Nordeste","RN",2020-03-16,0,1,0,0
"Nordeste","RN",2020-03-17,0,1,0,0
"Nordeste","RN",2020-03-18,0,1,0,0
"Nordeste","RN",2020-03-19,0,1,0,0
"Nordeste","RN",2020-03-20,0,1,0,0
"Nordeste","RN",2020-03-21,5,6,0,0
"Nordeste","RN",2020-03-22,3,9,0,0
"Nordeste","RN",2020-03-23,4,13,0,0
"Nordeste","RN",2020-03-24,0,13,0,0
"Nordeste","RN",2020-03-25,1,14,0,0
"Nordeste","RN",2020-03-26,5,19,0,0
"Nordeste","RN",2020-03-27,9,28,0,0
"Nordeste","RN",2020-03-28,17,45,0,0
"Nordeste","RN",2020-03-29,23,68,1,1
"Nordeste","RN",2020-03-30,9,77,0,1
"Nordeste","RN",2020-03-31,5,82,0,1
"Nordeste","RN",2020-04-01,10,92,1,2
"Nordeste","RN",2020-04-02,13,105,0,2
"Nordeste","RN",2020-04-03,71,176,2,4
"Nordeste","RN",2020-04-04,36,212,1,5
"Nordeste","RN",2020-04-05,30,242,2,7
"Nordeste","RN",2020-04-06,4,246,0,7
"Nordeste","RN",2020-04-07,8,254,1,8
"Nordeste","RN",2020-04-08,7,261,3,11
"Nordeste","RN",2020-04-09,0,261,0,11
"Nordeste","RN",2020-04-10,2,263,0,11
"Nordeste","RN",2020-04-11,26,289,2,13
"Nordeste","RN",2020-04-12,13,302,2,15
"Nordeste","RN",2020-04-13,37,339,2,17
"Nordeste","RN",2020-04-14,37,376,1,18
"Nordeste","RN",2020-04-15,23,399,1,19
"Nordeste","RN",2020-04-16,1,400,1,20
"Nordeste","RN",2020-04-17,63,463,3,23
"Nordeste","RN",2020-04-18,53,516,1,24
"Nordeste","RN",2020-04-19,15,531,1,25
"Nordeste","RN",2020-04-20,64,595,2,27
"Nordeste","RN",2020-04-21,13,608,1,28
"Nordeste","RN",2020-04-22,38,646,1,29
"Nordeste","RN",2020-04-23,62,708,5,34
"Nordeste","RN",2020-04-24,46,754,4,38
"Nordeste","RN",2020-04-25,27,781,2,40
"Nordeste","RN",2020-04-26,44,825,4,44
"Nordeste","RN",2020-04-27,7,832,1,45
"Nordeste","RN",2020-04-28,25,857,3,48
"Nordeste","RN",2020-04-29,229,1086,5,53
"Nordeste","RN",2020-04-30,91,1177,3,56
"Nordeste","RN",2020-05-01,120,1297,0,56
"Nordeste","RN",2020-05-02,69,1366,3,59
"Nordeste","RN",2020-05-03,26,1392,2,61
"Nordeste","RN",2020-05-04,29,1421,1,62
"Nordeste","RN",2020-05-05,115,1536,6,68
"Nordeste","RN",2020-05-06,38,1574,4,72
"Nordeste","RN",2020-05-07,165,1739,4,76
"Nordeste","RN",2020-05-08,82,1821,5,81
"Nordeste","RN",2020-05-09,98,1919,6,87
"Nordeste","RN",2020-05-10,9,1928,1,88
"Nordeste","RN",2020-05-11,61,1989,4,92
"Nordeste","RN",2020-05-12,44,2033,1,93
"Nordeste","RN",2020-05-13,334,2367,12,105
"Nordeste","RN",2020-05-14,170,2537,12,117
"Nordeste","RN",2020-05-15,249,2786,5,122
"Nordeste","RN",2020-05-16,218,3004,14,136
"Nordeste","RN",2020-05-17,133,3137,3,139
"Nordeste","RN",2020-05-18,47,3184,7,146
"Nordeste","RN",2020-05-19,299,3483,14,160
"Nordeste","RN",2020-05-20,313,3796,10,170
"Nordeste","RN",2020-05-21,264,4060,8,178
"Nordeste","RN",2020-05-22,191,4251,3,181
"Nordeste","RN",2020-05-23,348,4599,3,184
"Nordeste","RN",2020-05-24,98,4697,16,200
"Nordeste","RN",2020-05-25,62,4759,9,209
"Nordeste","RN",2020-05-26,713,5472,11,220
"Nordeste","RN",2020-05-27,158,5630,22,242
"Nordeste","RN",2020-05-28,0,5630,12,254
"Nordeste","RN",2020-05-29,833,6463,14,268
"Nordeste","RN",2020-05-30,939,7402,37,305
"Nordeste","RN",2020-05-31,649,8051,0,305
"Nordeste","PB",2020-03-19,0,1,0,0
"Nordeste","PB",2020-03-20,0,1,0,0
"Nordeste","PB",2020-03-21,0,1,0,0
"Nordeste","PB",2020-03-22,0,1,0,0
"Nordeste","PB",2020-03-23,1,2,0,0
"Nordeste","PB",2020-03-24,1,3,0,0
"Nordeste","PB",2020-03-25,0,3,0,0
"Nordeste","PB",2020-03-26,2,5,0,0
"Nordeste","PB",2020-03-27,4,9,0,0
"Nordeste","PB",2020-03-28,5,14,0,0
"Nordeste","PB",2020-03-29,0,14,0,0
"Nordeste","PB",2020-03-30,1,15,0,0
"Nordeste","PB",2020-03-31,2,17,0,0
"Nordeste","PB",2020-04-01,3,20,1,1
"Nordeste","PB",2020-04-02,1,21,0,1
"Nordeste","PB",2020-04-03,8,29,0,1
"Nordeste","PB",2020-04-04,3,32,1,2
"Nordeste","PB",2020-04-05,2,34,2,4
"Nordeste","PB",2020-04-06,1,35,0,4
"Nordeste","PB",2020-04-07,1,36,0,4
"Nordeste","PB",2020-04-08,5,41,0,4
"Nordeste","PB",2020-04-09,14,55,3,7
"Nordeste","PB",2020-04-10,24,79,4,11
"Nordeste","PB",2020-04-11,6,85,0,11
"Nordeste","PB",2020-04-12,16,101,2,13
"Nordeste","PB",2020-04-13,10,111,0,13
"Nordeste","PB",2020-04-14,25,136,3,16
"Nordeste","PB",2020-04-15,15,151,5,21
"Nordeste","PB",2020-04-16,14,165,3,24
"Nordeste","PB",2020-04-17,30,195,2,26
"Nordeste","PB",2020-04-18,10,205,0,26
"Nordeste","PB",2020-04-19,31,236,3,29
"Nordeste","PB",2020-04-20,9,245,3,32
"Nordeste","PB",2020-04-21,18,263,1,33
"Nordeste","PB",2020-04-22,38,301,6,39
"Nordeste","PB",2020-04-23,44,345,1,40
"Nordeste","PB",2020-04-24,41,386,4,44
"Nordeste","PB",2020-04-25,61,447,2,46
"Nordeste","PB",2020-04-26,52,499,3,49
"Nordeste","PB",2020-04-27,44,543,1,50
"Nordeste","PB",2020-04-28,90,633,3,53
"Nordeste","PB",2020-04-29,66,699,5,58
"Nordeste","PB",2020-04-30,115,814,4,62
"Nordeste","PB",2020-05-01,112,926,5,67
"Nordeste","PB",2020-05-02,108,1034,7,74
"Nordeste","PB",2020-05-03,135,1169,2,76
"Nordeste","PB",2020-05-04,50,1219,3,79
"Nordeste","PB",2020-05-05,142,1361,6,85
"Nordeste","PB",2020-05-06,132,1493,7,92
"Nordeste","PB",2020-05-07,164,1657,9,101
"Nordeste","PB",2020-05-08,374,2031,13,114
"Nordeste","PB",2020-05-09,125,2156,10,124
"Nordeste","PB",2020-05-10,185,2341,11,135
"Nordeste","PB",2020-05-11,184,2525,4,139
"Nordeste","PB",2020-05-12,252,2777,15,154
"Nordeste","PB",2020-05-13,268,3045,3,157
"Nordeste","PB",2020-05-14,316,3361,3,160
"Nordeste","PB",2020-05-15,378,3739,10,170
"Nordeste","PB",2020-05-16,324,4063,13,183
"Nordeste","PB",2020-05-17,284,4347,11,194
"Nordeste","PB",2020-05-18,439,4786,13,207
"Nordeste","PB",2020-05-19,514,5300,12,219
"Nordeste","PB",2020-05-20,538,5838,11,230
"Nordeste","PB",2020-05-21,400,6238,15,245
"Nordeste","PB",2020-05-22,644,6882,3,248
"Nordeste","PB",2020-05-23,626,7508,10,258
"Nordeste","PB",2020-05-24,315,7823,14,272
"Nordeste","PB",2020-05-25,193,8016,7,279
"Nordeste","PB",2020-05-26,903,8919,7,286
"Nordeste","PB",2020-05-27,1290,10209,12,298
"Nordeste","PB",2020-05-28,923,11132,20,318
"Nordeste","PB",2020-05-29,879,12011,9,327
"Nordeste","PB",2020-05-30,851,12862,20,347
"Nordeste","PB",2020-05-31,300,13162,13,360
"Nordeste","PE",2020-03-12,0,2,0,0
"Nordeste","PE",2020-03-13,0,2,0,0
"Nordeste","PE",2020-03-14,0,2,0,0
"Nordeste","PE",2020-03-15,0,2,0,0
"Nordeste","PE",2020-03-16,0,2,0,0
"Nordeste","PE",2020-03-17,14,16,0,0
"Nordeste","PE",2020-03-18,0,16,0,0
"Nordeste","PE",2020-03-19,12,28,0,0
"Nordeste","PE",2020-03-20,2,30,0,0
"Nordeste","PE",2020-03-21,0,30,0,0
"Nordeste","PE",2020-03-22,7,37,0,0
"Nordeste","PE",2020-03-23,5,42,0,0
"Nordeste","PE",2020-03-24,0,42,0,0
"Nordeste","PE",2020-03-25,4,46,1,1
"Nordeste","PE",2020-03-26,2,48,2,3
"Nordeste","PE",2020-03-27,8,56,1,4
"Nordeste","PE",2020-03-28,12,68,1,5
"Nordeste","PE",2020-03-29,5,73,0,5
"Nordeste","PE",2020-03-30,5,78,1,6
"Nordeste","PE",2020-03-31,9,87,0,6
"Nordeste","PE",2020-04-01,8,95,2,8
"Nordeste","PE",2020-04-02,11,106,1,9
"Nordeste","PE",2020-04-03,30,136,1,10
"Nordeste","PE",2020-04-04,40,176,4,14
"Nordeste","PE",2020-04-05,25,201,7,21
"Nordeste","PE",2020-04-06,22,223,9,30
"Nordeste","PE",2020-04-07,129,352,4,34
"Nordeste","PE",2020-04-08,49,401,12,46
"Nordeste","PE",2020-04-09,154,555,10,56
"Nordeste","PE",2020-04-10,129,684,9,65
"Nordeste","PE",2020-04-11,132,816,7,72
"Nordeste","PE",2020-04-12,144,960,13,85
"Nordeste","PE",2020-04-13,194,1154,17,102
"Nordeste","PE",2020-04-14,130,1284,13,115
"Nordeste","PE",2020-04-15,200,1484,28,143
"Nordeste","PE",2020-04-16,199,1683,17,160
"Nordeste","PE",2020-04-17,323,2006,26,186
"Nordeste","PE",2020-04-18,187,2193,19,205
"Nordeste","PE",2020-04-19,266,2459,11,216
"Nordeste","PE",2020-04-20,231,2690,18,234
"Nordeste","PE",2020-04-21,218,2908,26,260
"Nordeste","PE",2020-04-22,390,3298,22,282
"Nordeste","PE",2020-04-23,221,3519,30,312
"Nordeste","PE",2020-04-24,480,3999,40,352
"Nordeste","PE",2020-04-25,508,4507,29,381
"Nordeste","PE",2020-04-26,391,4898,34,415
"Nordeste","PE",2020-04-27,460,5358,35,450
"Nordeste","PE",2020-04-28,366,5724,58,508
"Nordeste","PE",2020-04-29,470,6194,30,538
"Nordeste","PE",2020-04-30,682,6876,27,565
"Nordeste","PE",2020-05-01,458,7334,38,603
"Nordeste","PE",2020-05-02,811,8145,25,628
"Nordeste","PE",2020-05-03,498,8643,24,652
"Nordeste","PE",2020-05-04,220,8863,39,691
"Nordeste","PE",2020-05-05,462,9325,58,749
"Nordeste","PE",2020-05-06,556,9881,54,803
"Nordeste","PE",2020-05-07,943,10824,42,845
"Nordeste","PE",2020-05-08,763,11587,82,927
"Nordeste","PE",2020-05-09,883,12470,45,972
"Nordeste","PE",2020-05-10,805,13275,75,1047
"Nordeste","PE",2020-05-11,493,13768,40,1087
"Nordeste","PE",2020-05-12,541,14309,70,1157
"Nordeste","PE",2020-05-13,592,14901,67,1224
"Nordeste","PE",2020-05-14,687,15588,74,1298
"Nordeste","PE",2020-05-15,621,16209,83,1381
"Nordeste","PE",2020-05-16,2279,18488,80,1461
"Nordeste","PE",2020-05-17,964,19452,55,1516
"Nordeste","PE",2020-05-18,642,20094,124,1640
"Nordeste","PE",2020-05-19,1148,21242,101,1741
"Nordeste","PE",2020-05-20,1318,22560,93,1834
"Nordeste","PE",2020-05-21,1351,23911,91,1925
"Nordeste","PE",2020-05-22,1849,25760,132,2057
"Nordeste","PE",2020-05-23,1026,26786,87,2144
"Nordeste","PE",2020-05-24,973,27759,56,2200
"Nordeste","PE",2020-05-25,607,28366,48,2248
"Nordeste","PE",2020-05-26,488,28854,80,2328
"Nordeste","PE",2020-05-27,1065,29919,140,2468
"Nordeste","PE",2020-05-28,794,30713,98,2566
"Nordeste","PE",2020-05-29,1542,32255,103,2669
"Nordeste","PE",2020-05-30,1172,33427,71,2740
"Nordeste","PE",2020-05-31,1023,34450,67,2807
"Nordeste","AL",2020-03-08,0,1,0,0
"Nordeste","AL",2020-03-09,0,1,0,0
"Nordeste","AL",2020-03-10,0,1,0,0
"Nordeste","AL",2020-03-11,0,1,0,0
"Nordeste","AL",2020-03-12,0,1,0,0
"Nordeste","AL",2020-03-13,0,1,0,0
"Nordeste","AL",2020-03-14,0,1,0,0
"Nordeste","AL",2020-03-15,0,1,0,0
"Nordeste","AL",2020-03-16,0,1,0,0
"Nordeste","AL",2020-03-17,0,1,0,0
"Nordeste","AL",2020-03-18,0,1,0,0
"Nordeste","AL",2020-03-19,3,4,0,0
"Nordeste","AL",2020-03-20,1,5,0,0
"Nordeste","AL",2020-03-21,2,7,0,0
"Nordeste","AL",2020-03-22,0,7,0,0
"Nordeste","AL",2020-03-23,0,7,0,0
"Nordeste","AL",2020-03-24,2,9,0,0
"Nordeste","AL",2020-03-25,2,11,0,0
"Nordeste","AL",2020-03-26,0,11,0,0
"Nordeste","AL",2020-03-27,0,11,0,0
"Nordeste","AL",2020-03-28,3,14,0,0
"Nordeste","AL",2020-03-29,3,17,0,0
"Nordeste","AL",2020-03-30,0,17,0,0
"Nordeste","AL",2020-03-31,1,18,1,1
"Nordeste","AL",2020-04-01,0,18,0,1
"Nordeste","AL",2020-04-02,0,18,0,1
"Nordeste","AL",2020-04-03,4,22,1,2
"Nordeste","AL",2020-04-04,1,23,0,2
"Nordeste","AL",2020-04-05,5,28,0,2
"Nordeste","AL",2020-04-06,3,31,0,2
"Nordeste","AL",2020-04-07,1,32,0,2
"Nordeste","AL",2020-04-08,5,37,0,2
"Nordeste","AL",2020-04-09,0,37,1,3
"Nordeste","AL",2020-04-10,8,45,0,3
"Nordeste","AL",2020-04-11,3,48,0,3
"Nordeste","AL",2020-04-12,0,48,0,3
"Nordeste","AL",2020-04-13,2,50,0,3
"Nordeste","AL",2020-04-14,22,72,1,4
"Nordeste","AL",2020-04-15,10,82,1,5
"Nordeste","AL",2020-04-16,7,89,0,5
"Nordeste","AL",2020-04-17,21,110,2,7
"Nordeste","AL",2020-04-18,22,132,0,7
"Nordeste","AL",2020-04-19,27,159,8,15
"Nordeste","AL",2020-04-20,12,171,3,18
"Nordeste","AL",2020-04-21,39,210,1,19
"Nordeste","AL",2020-04-22,33,243,1,20
"Nordeste","AL",2020-04-23,81,324,2,22
"Nordeste","AL",2020-04-24,89,413,5,27
"Nordeste","AL",2020-04-25,88,501,2,29
"Nordeste","AL",2020-04-26,53,554,3,32
"Nordeste","AL",2020-04-27,89,643,2,34
"Nordeste","AL",2020-04-28,134,777,2,36
"Nordeste","AL",2020-04-29,180,957,5,41
"Nordeste","AL",2020-04-30,87,1044,6,47
"Nordeste","AL",2020-05-01,182,1226,6,53
"Nordeste","AL",2020-05-02,146,1372,5,58
"Nordeste","AL",2020-05-03,69,1441,6,64
"Nordeste","AL",2020-05-04,97,1538,8,72
"Nordeste","AL",2020-05-05,68,1606,8,80
"Nordeste","AL",2020-05-06,97,1703,9,89
"Nordeste","AL",2020-05-07,164,1867,9,98
"Nordeste","AL",2020-05-08,166,2033,10,108
"Nordeste","AL",2020-05-09,139,2172,6,114
"Nordeste","AL",2020-05-10,86,2258,12,126
"Nordeste","AL",2020-05-11,85,2343,12,138
"Nordeste","AL",2020-05-12,237,2580,12,150
"Nordeste","AL",2020-05-13,181,2761,14,164
"Nordeste","AL",2020-05-14,211,2972,13,177
"Nordeste","AL",2020-05-15,240,3212,10,187
"Nordeste","AL",2020-05-16,381,3593,12,199
"Nordeste","AL",2020-05-17,223,3816,11,210
"Nordeste","AL",2020-05-18,215,4031,11,221
"Nordeste","AL",2020-05-19,285,4316,10,231
"Nordeste","AL",2020-05-20,121,4437,20,251
"Nordeste","AL",2020-05-21,479,4916,11,262
"Nordeste","AL",2020-05-22,386,5302,18,280
"Nordeste","AL",2020-05-23,328,5630,21,301
"Nordeste","AL",2020-05-24,584,6214,15,316
"Nordeste","AL",2020-05-25,468,6682,21,337
"Nordeste","AL",2020-05-26,376,7058,17,354
"Nordeste","AL",2020-05-27,522,7580,14,368
"Nordeste","AL",2020-05-28,475,8055,17,385
"Nordeste","AL",2020-05-29,563,8618,21,406
"Nordeste","AL",2020-05-30,605,9223,18,424
"Nordeste","AL",2020-05-31,1065,10288,19,443
"Nordeste","SE",2020-03-15,0,1,0,0
"Nordeste","SE",2020-03-16,0,1,0,0
"Nordeste","SE",2020-03-17,3,4,0,0
"Nordeste","SE",2020-03-18,1,5,0,0
"Nordeste","SE",2020-03-19,1,6,0,0
"Nordeste","SE",2020-03-20,0,6,0,0
"Nordeste","SE",2020-03-21,4,10,0,0
"Nordeste","SE",2020-03-22,0,10,0,0
"Nordeste","SE",2020-03-23,0,10,0,0
"Nordeste","SE",2020-03-24,5,15,0,0
"Nordeste","SE",2020-03-25,1,16,0,0
"Nordeste","SE",2020-03-26,0,16,0,0
"Nordeste","SE",2020-03-27,0,16,0,0
"Nordeste","SE",2020-03-28,0,16,0,0
"Nordeste","SE",2020-03-29,0,16,0,0
"Nordeste","SE",2020-03-30,0,16,0,0
"Nordeste","SE",2020-03-31,3,19,0,0
"Nordeste","SE",2020-04-01,1,20,0,0
"Nordeste","SE",2020-04-02,3,23,2,2
"Nordeste","SE",2020-04-03,2,25,0,2
"Nordeste","SE",2020-04-04,2,27,0,2
"Nordeste","SE",2020-04-05,5,32,1,3
"Nordeste","SE",2020-04-06,0,32,1,4
"Nordeste","SE",2020-04-07,4,36,0,4
"Nordeste","SE",2020-04-08,0,36,0,4
"Nordeste","SE",2020-04-09,3,39,0,4
"Nordeste","SE",2020-04-10,3,42,0,4
"Nordeste","SE",2020-04-11,0,42,0,4
"Nordeste","SE",2020-04-12,2,44,0,4
"Nordeste","SE",2020-04-13,0,44,0,4
"Nordeste","SE",2020-04-14,1,45,0,4
"Nordeste","SE",2020-04-15,1,46,0,4
"Nordeste","SE",2020-04-16,2,48,0,4
"Nordeste","SE",2020-04-17,5,53,0,4
"Nordeste","SE",2020-04-18,18,71,1,5
"Nordeste","SE",2020-04-19,12,83,0,5
"Nordeste","SE",2020-04-20,3,86,0,5
"Nordeste","SE",2020-04-21,6,92,0,5
"Nordeste","SE",2020-04-22,25,117,2,7
"Nordeste","SE",2020-04-23,7,124,1,8
"Nordeste","SE",2020-04-24,20,144,0,8
"Nordeste","SE",2020-04-25,9,153,1,9
"Nordeste","SE",2020-04-26,6,159,0,9
"Nordeste","SE",2020-04-27,38,197,1,10
"Nordeste","SE",2020-04-28,83,280,1,11
"Nordeste","SE",2020-04-29,57,337,1,12
"Nordeste","SE",2020-04-30,110,447,0,12
"Nordeste","SE",2020-05-01,70,517,2,14
"Nordeste","SE",2020-05-02,84,601,0,14
"Nordeste","SE",2020-05-03,129,730,0,14
"Nordeste","SE",2020-05-04,42,772,3,17
"Nordeste","SE",2020-05-05,126,898,4,21
"Nordeste","SE",2020-05-06,100,998,2,23
"Nordeste","SE",2020-05-07,216,1214,2,25
"Nordeste","SE",2020-05-08,224,1438,3,28
"Nordeste","SE",2020-05-09,150,1588,5,33
"Nordeste","SE",2020-05-10,183,1771,1,34
"Nordeste","SE",2020-05-11,29,1800,3,37
"Nordeste","SE",2020-05-12,232,2032,0,37
"Nordeste","SE",2020-05-13,236,2268,5,42
"Nordeste","SE",2020-05-14,226,2494,5,47
"Nordeste","SE",2020-05-15,374,2868,3,50
"Nordeste","SE",2020-05-16,267,3135,3,53
"Nordeste","SE",2020-05-17,208,3343,4,57
"Nordeste","SE",2020-05-18,223,3566,2,59
"Nordeste","SE",2020-05-19,401,3967,4,63
"Nordeste","SE",2020-05-20,310,4277,6,69
"Nordeste","SE",2020-05-21,457,4734,7,76
"Nordeste","SE",2020-05-22,188,4922,6,82
"Nordeste","SE",2020-05-23,209,5131,4,86
"Nordeste","SE",2020-05-24,183,5314,7,93
"Nordeste","SE",2020-05-25,134,5448,10,103
"Nordeste","SE",2020-05-26,287,5735,13,116
"Nordeste","SE",2020-05-27,177,5912,11,127
"Nordeste","SE",2020-05-28,244,6156,8,135
"Nordeste","SE",2020-05-29,306,6462,7,142
"Nordeste","SE",2020-05-30,343,6805,7,149
"Nordeste","SE",2020-05-31,194,6999,9,158
"Nordeste","BA",2020-03-06,0,1,0,0
"Nordeste","BA",2020-03-07,1,2,0,0
"Nordeste","BA",2020-03-08,0,2,0,0
"Nordeste","BA",2020-03-09,0,2,0,0
"Nordeste","BA",2020-03-10,0,2,0,0
"Nordeste","BA",2020-03-11,0,2,0,0
"Nordeste","BA",2020-03-12,0,2,0,0
"Nordeste","BA",2020-03-13,0,2,0,0
"Nordeste","BA",2020-03-14,0,2,0,0
"Nordeste","BA",2020-03-15,0,2,0,0
"Nordeste","BA",2020-03-16,0,2,0,0
"Nordeste","BA",2020-03-17,1,3,0,0
"Nordeste","BA",2020-03-18,0,3,0,0
"Nordeste","BA",2020-03-19,27,30,0,0
"Nordeste","BA",2020-03-20,3,33,0,0
"Nordeste","BA",2020-03-21,8,41,0,0
"Nordeste","BA",2020-03-22,8,49,0,0
"Nordeste","BA",2020-03-23,14,63,0,0
"Nordeste","BA",2020-03-24,13,76,0,0
"Nordeste","BA",2020-03-25,8,84,0,0
"Nordeste","BA",2020-03-26,20,104,0,0
"Nordeste","BA",2020-03-27,11,115,0,0
"Nordeste","BA",2020-03-28,12,127,0,0
"Nordeste","BA",2020-03-29,27,154,1,1
"Nordeste","BA",2020-03-30,22,176,0,1
"Nordeste","BA",2020-03-31,37,213,1,2
"Nordeste","BA",2020-04-01,33,246,0,2
"Nordeste","BA",2020-04-02,21,267,1,3
"Nordeste","BA",2020-04-03,15,282,2,5
"Nordeste","BA",2020-04-04,50,332,2,7
"Nordeste","BA",2020-04-05,69,401,2,9
"Nordeste","BA",2020-04-06,30,431,1,10
"Nordeste","BA",2020-04-07,25,456,2,12
"Nordeste","BA",2020-04-08,41,497,3,15
"Nordeste","BA",2020-04-09,62,559,4,19
"Nordeste","BA",2020-04-10,45,604,0,19
"Nordeste","BA",2020-04-11,31,635,2,21
"Nordeste","BA",2020-04-12,38,673,0,21
"Nordeste","BA",2020-04-13,50,723,1,22
"Nordeste","BA",2020-04-14,36,759,0,22
"Nordeste","BA",2020-04-15,48,807,5,27
"Nordeste","BA",2020-04-16,144,951,3,30
"Nordeste","BA",2020-04-17,108,1059,6,36
"Nordeste","BA",2020-04-18,134,1193,1,37
"Nordeste","BA",2020-04-19,37,1230,8,45
"Nordeste","BA",2020-04-20,111,1341,1,46
"Nordeste","BA",2020-04-21,148,1489,1,47
"Nordeste","BA",2020-04-22,155,1644,3,50
"Nordeste","BA",2020-04-23,145,1789,9,59
"Nordeste","BA",2020-04-24,173,1962,5,64
"Nordeste","BA",2020-04-25,119,2081,6,70
"Nordeste","BA",2020-04-26,128,2209,3,73
"Nordeste","BA",2020-04-27,145,2354,3,76
"Nordeste","BA",2020-04-28,186,2540,10,86
"Nordeste","BA",2020-04-29,106,2646,10,96
"Nordeste","BA",2020-04-30,205,2851,8,104
"Nordeste","BA",2020-05-01,234,3085,13,117
"Nordeste","BA",2020-05-02,182,3267,6,123
"Nordeste","BA",2020-05-03,228,3495,0,123
"Nordeste","BA",2020-05-04,239,3734,18,141
"Nordeste","BA",2020-05-05,306,4040,5,146
"Nordeste","BA",2020-05-06,261,4301,14,160
"Nordeste","BA",2020-05-07,227,4528,5,165
"Nordeste","BA",2020-05-08,290,4818,18,183
"Nordeste","BA",2020-05-09,356,5174,13,196
"Nordeste","BA",2020-05-10,384,5558,6,202
"Nordeste","BA",2020-05-11,250,5808,9,211
"Nordeste","BA",2020-05-12,396,6204,14,225
"Nordeste","BA",2020-05-13,343,6547,11,236
"Nordeste","BA",2020-05-14,408,6955,26,262
"Nordeste","BA",2020-05-15,1173,8128,19,281
"Nordeste","BA",2020-05-16,186,8314,5,286
"Nordeste","BA",2020-05-17,129,8443,9,295
"Nordeste","BA",2020-05-18,138,8581,17,312
"Nordeste","BA",2020-05-19,2432,11013,14,326
"Nordeste","BA",2020-05-20,184,11197,36,362
"Nordeste","BA",2020-05-21,744,11941,14,376
"Nordeste","BA",2020-05-22,616,12557,23,399
"Nordeste","BA",2020-05-23,443,13000,14,413
"Nordeste","BA",2020-05-24,899,13899,47,460
"Nordeste","BA",2020-05-25,305,14204,17,477
"Nordeste","BA",2020-05-26,362,14566,18,495
"Nordeste","BA",2020-05-27,504,15070,36,531
"Nordeste","BA",2020-05-28,893,15963,39,570
"Nordeste","BA",2020-05-29,954,16917,39,609
"Nordeste","BA",2020-05-30,709,17626,29,638
"Nordeste","BA",2020-05-31,766,18392,29,667
"Sudeste","MG",2020-03-08,0,1,0,0
"Sudeste","MG",2020-03-09,0,1,0,0
"Sudeste","MG",2020-03-10,0,1,0,0
"Sudeste","MG",2020-03-11,0,1,0,0
"Sudeste","MG",2020-03-12,0,1,0,0
"Sudeste","MG",2020-03-13,1,2,0,0
"Sudeste","MG",2020-03-14,0,2,0,0
"Sudeste","MG",2020-03-15,0,2,0,0
"Sudeste","MG",2020-03-16,3,5,0,0
"Sudeste","MG",2020-03-17,2,7,0,0
"Sudeste","MG",2020-03-18,8,15,0,0
"Sudeste","MG",2020-03-19,14,29,0,0
"Sudeste","MG",2020-03-20,6,35,0,0
"Sudeste","MG",2020-03-21,3,38,0,0
"Sudeste","MG",2020-03-22,45,83,0,0
"Sudeste","MG",2020-03-23,45,128,0,0
"Sudeste","MG",2020-03-24,2,130,0,0
"Sudeste","MG",2020-03-25,3,133,0,0
"Sudeste","MG",2020-03-26,20,153,0,0
"Sudeste","MG",2020-03-27,36,189,0,0
"Sudeste","MG",2020-03-28,16,205,0,0
"Sudeste","MG",2020-03-29,26,231,0,0
"Sudeste","MG",2020-03-30,30,261,1,1
"Sudeste","MG",2020-03-31,14,275,1,2
"Sudeste","MG",2020-04-01,39,314,1,3
"Sudeste","MG",2020-04-02,56,370,1,4
"Sudeste","MG",2020-04-03,27,397,2,6
"Sudeste","MG",2020-04-04,33,430,0,6
"Sudeste","MG",2020-04-05,68,498,0,6
"Sudeste","MG",2020-04-06,27,525,3,9
"Sudeste","MG",2020-04-07,34,559,2,11
"Sudeste","MG",2020-04-08,55,614,3,14
"Sudeste","MG",2020-04-09,41,655,1,15
"Sudeste","MG",2020-04-10,43,698,2,17
"Sudeste","MG",2020-04-11,52,750,0,17
"Sudeste","MG",2020-04-12,56,806,3,20
"Sudeste","MG",2020-04-13,9,815,3,23
"Sudeste","MG",2020-04-14,69,884,4,27
"Sudeste","MG",2020-04-15,19,903,3,30
"Sudeste","MG",2020-04-16,55,958,3,33
"Sudeste","MG",2020-04-17,63,1021,2,35
"Sudeste","MG",2020-04-18,56,1077,4,39
"Sudeste","MG",2020-04-19,77,1154,0,39
"Sudeste","MG",2020-04-20,35,1189,2,41
"Sudeste","MG",2020-04-21,41,1230,3,44
"Sudeste","MG",2020-04-22,53,1283,3,47
"Sudeste","MG",2020-04-23,25,1308,4,51
"Sudeste","MG",2020-04-24,111,1419,3,54
"Sudeste","MG",2020-04-25,62,1481,4,58
"Sudeste","MG",2020-04-26,67,1548,3,61
"Sudeste","MG",2020-04-27,38,1586,1,62
"Sudeste","MG",2020-04-28,63,1649,9,71
"Sudeste","MG",2020-04-29,109,1758,9,80
"Sudeste","MG",2020-04-30,69,1827,2,82
"Sudeste","MG",2020-05-01,108,1935,6,88
"Sudeste","MG",2020-05-02,88,2023,0,88
"Sudeste","MG",2020-05-03,95,2118,1,89
"Sudeste","MG",2020-05-04,229,2347,1,90
"Sudeste","MG",2020-05-05,105,2452,4,94
"Sudeste","MG",2020-05-06,153,2605,3,97
"Sudeste","MG",2020-05-07,165,2770,9,106
"Sudeste","MG",2020-05-08,173,2943,5,111
"Sudeste","MG",2020-05-09,180,3123,7,118
"Sudeste","MG",2020-05-10,114,3237,1,119
"Sudeste","MG",2020-05-11,83,3320,2,121
"Sudeste","MG",2020-05-12,115,3435,6,127
"Sudeste","MG",2020-05-13,298,3733,8,135
"Sudeste","MG",2020-05-14,217,3950,4,139
"Sudeste","MG",2020-05-15,246,4196,7,146
"Sudeste","MG",2020-05-16,278,4474,4,150
"Sudeste","MG",2020-05-17,137,4611,6,156
"Sudeste","MG",2020-05-18,84,4695,5,161
"Sudeste","MG",2020-05-19,282,4977,6,167
"Sudeste","MG",2020-05-20,309,5286,10,177
"Sudeste","MG",2020-05-21,310,5596,14,191
"Sudeste","MG",2020-05-22,399,5995,10,201
"Sudeste","MG",2020-05-23,343,6338,16,217
"Sudeste","MG",2020-05-24,330,6668,9,226
"Sudeste","MG",2020-05-25,294,6962,4,230
"Sudeste","MG",2020-05-26,554,7516,4,234
"Sudeste","MG",2020-05-27,495,8011,6,240
"Sudeste","MG",2020-05-28,675,8686,15,255
"Sudeste","MG",2020-05-29,546,9232,2,257
"Sudeste","MG",2020-05-30,398,9630,6,263
"Sudeste","MG",2020-05-31,834,10464,8,271
"Sudeste","ES",2020-03-06,0,1,0,0
"Sudeste","ES",2020-03-07,0,1,0,0
"Sudeste","ES",2020-03-08,0,1,0,0
"Sudeste","ES",2020-03-09,0,1,0,0
"Sudeste","ES",2020-03-10,0,1,0,0
"Sudeste","ES",2020-03-11,0,1,0,0
"Sudeste","ES",2020-03-12,0,1,0,0
"Sudeste","ES",2020-03-13,0,1,0,0
"Sudeste","ES",2020-03-14,0,1,0,0
"Sudeste","ES",2020-03-15,0,1,0,0
"Sudeste","ES",2020-03-16,0,1,0,0
"Sudeste","ES",2020-03-17,0,1,0,0
"Sudeste","ES",2020-03-18,8,9,0,0
"Sudeste","ES",2020-03-19,2,11,0,0
"Sudeste","ES",2020-03-20,2,13,0,0
"Sudeste","ES",2020-03-21,13,26,0,0
"Sudeste","ES",2020-03-22,0,26,0,0
"Sudeste","ES",2020-03-23,3,29,0,0
"Sudeste","ES",2020-03-24,4,33,0,0
"Sudeste","ES",2020-03-25,6,39,0,0
"Sudeste","ES",2020-03-26,0,39,0,0
"Sudeste","ES",2020-03-27,8,47,0,0
"Sudeste","ES",2020-03-28,6,53,0,0
"Sudeste","ES",2020-03-29,7,60,0,0
"Sudeste","ES",2020-03-30,12,72,0,0
"Sudeste","ES",2020-03-31,12,84,0,0
"Sudeste","ES",2020-04-01,12,96,0,0
"Sudeste","ES",2020-04-02,24,120,1,1
"Sudeste","ES",2020-04-03,19,139,3,4
"Sudeste","ES",2020-04-04,14,153,1,5
"Sudeste","ES",2020-04-05,13,166,1,6
"Sudeste","ES",2020-04-06,28,194,0,6
"Sudeste","ES",2020-04-07,15,209,0,6
"Sudeste","ES",2020-04-08,18,227,0,6
"Sudeste","ES",2020-04-09,46,273,0,6
"Sudeste","ES",2020-04-10,27,300,1,7
"Sudeste","ES",2020-04-11,49,349,2,9
"Sudeste","ES",2020-04-12,34,383,0,9
"Sudeste","ES",2020-04-13,47,430,5,14
"Sudeste","ES",2020-04-14,33,463,3,17
"Sudeste","ES",2020-04-15,94,557,1,18
"Sudeste","ES",2020-04-16,197,754,4,22
"Sudeste","ES",2020-04-17,102,856,3,25
"Sudeste","ES",2020-04-18,96,952,3,28
"Sudeste","ES",2020-04-19,147,1099,2,30
"Sudeste","ES",2020-04-20,69,1168,3,33
"Sudeste","ES",2020-04-21,44,1212,1,34
"Sudeste","ES",2020-04-22,101,1313,0,34
"Sudeste","ES",2020-04-23,50,1363,8,42
"Sudeste","ES",2020-04-24,18,1381,0,42
"Sudeste","ES",2020-04-25,214,1595,5,47
"Sudeste","ES",2020-04-26,108,1703,4,51
"Sudeste","ES",2020-04-27,93,1796,6,57
"Sudeste","ES",2020-04-28,78,1874,7,64
"Sudeste","ES",2020-04-29,233,2107,12,76
"Sudeste","ES",2020-04-30,358,2465,7,83
"Sudeste","ES",2020-05-01,197,2662,13,96
"Sudeste","ES",2020-05-02,286,2948,6,102
"Sudeste","ES",2020-05-03,138,3086,12,114
"Sudeste","ES",2020-05-04,140,3226,8,122
"Sudeste","ES",2020-05-05,176,3402,11,133
"Sudeste","ES",2020-05-06,166,3568,12,145
"Sudeste","ES",2020-05-07,270,3838,10,155
"Sudeste","ES",2020-05-08,404,4242,10,165
"Sudeste","ES",2020-05-09,170,4412,7,172
"Sudeste","ES",2020-05-10,187,4599,9,181
"Sudeste","ES",2020-05-11,220,4819,15,196
"Sudeste","ES",2020-05-12,268,5087,16,212
"Sudeste","ES",2020-05-13,314,5401,21,233
"Sudeste","ES",2020-05-14,412,5813,16,249
"Sudeste","ES",2020-05-15,385,6198,11,260
"Sudeste","ES",2020-05-16,397,6595,11,271
"Sudeste","ES",2020-05-17,149,6744,14,285
"Sudeste","ES",2020-05-18,413,7157,17,302
"Sudeste","ES",2020-05-19,536,7693,23,325
"Sudeste","ES",2020-05-20,399,8092,16,341
"Sudeste","ES",2020-05-21,786,8878,22,363
"Sudeste","ES",2020-05-22,642,9520,34,397
"Sudeste","ES",2020-05-23,398,9918,20,417
"Sudeste","ES",2020-05-24,89,10007,29,446
"Sudeste","ES",2020-05-25,358,10365,19,465
"Sudeste","ES",2020-05-26,524,10889,22,487
"Sudeste","ES",2020-05-27,595,11484,24,511
"Sudeste","ES",2020-05-28,719,12203,27,538
"Sudeste","ES",2020-05-29,700,12903,22,560
"Sudeste","ES",2020-05-30,534,13437,23,583
"Sudeste","ES",2020-05-31,253,13690,21,604
"Sudeste","RJ",2020-03-05,0,1,0,0
"Sudeste","RJ",2020-03-06,0,1,0,0
"Sudeste","RJ",2020-03-07,1,2,0,0
"Sudeste","RJ",2020-03-08,1,3,0,0
"Sudeste","RJ",2020-03-09,0,3,0,0
"Sudeste","RJ",2020-03-10,5,8,0,0
"Sudeste","RJ",2020-03-11,5,13,0,0
"Sudeste","RJ",2020-03-12,3,16,0,0
"Sudeste","RJ",2020-03-13,0,16,0,0
"Sudeste","RJ",2020-03-14,6,22,0,0
"Sudeste","RJ",2020-03-15,2,24,0,0
"Sudeste","RJ",2020-03-16,7,31,0,0
"Sudeste","RJ",2020-03-17,2,33,0,0
"Sudeste","RJ",2020-03-18,12,45,0,0
"Sudeste","RJ",2020-03-19,20,65,2,2
"Sudeste","RJ",2020-03-20,44,109,0,2
"Sudeste","RJ",2020-03-21,10,119,1,3
"Sudeste","RJ",2020-03-22,67,186,0,3
"Sudeste","RJ",2020-03-23,47,233,1,4
"Sudeste","RJ",2020-03-24,72,305,2,6
"Sudeste","RJ",2020-03-25,65,370,0,6
"Sudeste","RJ",2020-03-26,51,421,3,9
"Sudeste","RJ",2020-03-27,72,493,1,10
"Sudeste","RJ",2020-03-28,65,558,3,13
"Sudeste","RJ",2020-03-29,42,600,4,17
"Sudeste","RJ",2020-03-30,57,657,1,18
"Sudeste","RJ",2020-03-31,51,708,5,23
"Sudeste","RJ",2020-04-01,124,832,5,28
"Sudeste","RJ",2020-04-02,160,992,13,41
"Sudeste","RJ",2020-04-03,82,1074,6,47
"Sudeste","RJ",2020-04-04,172,1246,11,58
"Sudeste","RJ",2020-04-05,148,1394,6,64
"Sudeste","RJ",2020-04-06,67,1461,7,71
"Sudeste","RJ",2020-04-07,227,1688,18,89
"Sudeste","RJ",2020-04-08,250,1938,17,106
"Sudeste","RJ",2020-04-09,278,2216,16,122
"Sudeste","RJ",2020-04-10,248,2464,25,147
"Sudeste","RJ",2020-04-11,143,2607,8,155
"Sudeste","RJ",2020-04-12,248,2855,15,170
"Sudeste","RJ",2020-04-13,376,3231,18,188
"Sudeste","RJ",2020-04-14,179,3410,36,224
"Sudeste","RJ",2020-04-15,333,3743,41,265
"Sudeste","RJ",2020-04-16,201,3944,35,300
"Sudeste","RJ",2020-04-17,405,4349,41,341
"Sudeste","RJ",2020-04-18,194,4543,46,387
"Sudeste","RJ",2020-04-19,222,4765,15,402
"Sudeste","RJ",2020-04-20,134,4899,20,422
"Sudeste","RJ",2020-04-21,407,5306,39,461
"Sudeste","RJ",2020-04-22,246,5552,29,490
"Sudeste","RJ",2020-04-23,620,6172,40,530
"Sudeste","RJ",2020-04-24,110,6282,40,570
"Sudeste","RJ",2020-04-25,546,6828,45,615
"Sudeste","RJ",2020-04-26,283,7111,30,645
"Sudeste","RJ",2020-04-27,833,7944,32,677
"Sudeste","RJ",2020-04-28,560,8504,61,738
"Sudeste","RJ",2020-04-29,365,8869,56,794
"Sudeste","RJ",2020-04-30,584,9453,60,854
"Sudeste","RJ",2020-05-01,713,10166,67,921
"Sudeste","RJ",2020-05-02,380,10546,50,971
"Sudeste","RJ",2020-05-03,593,11139,48,1019
"Sudeste","RJ",2020-05-04,582,11721,46,1065
"Sudeste","RJ",2020-05-05,670,12391,58,1123
"Sudeste","RJ",2020-05-06,904,13295,82,1205
"Sudeste","RJ",2020-05-07,861,14156,189,1394
"Sudeste","RJ",2020-05-08,1585,15741,109,1503
"Sudeste","RJ",2020-05-09,1188,16929,150,1653
"Sudeste","RJ",2020-05-10,133,17062,61,1714
"Sudeste","RJ",2020-05-11,877,17939,56,1770
"Sudeste","RJ",2020-05-12,547,18486,158,1928
"Sudeste","RJ",2020-05-13,242,18728,122,2050
"Sudeste","RJ",2020-05-14,739,19467,197,2247
"Sudeste","RJ",2020-05-15,520,19987,191,2438
"Sudeste","RJ",2020-05-16,1614,21601,176,2614
"Sudeste","RJ",2020-05-17,637,22238,101,2715
"Sudeste","RJ",2020-05-18,4427,26665,137,2852
"Sudeste","RJ",2020-05-19,1140,27805,227,3079
"Sudeste","RJ",2020-05-20,2567,30372,158,3237
"Sudeste","RJ",2020-05-21,1717,32089,175,3412
"Sudeste","RJ",2020-05-22,1500,33589,245,3657
"Sudeste","RJ",2020-05-23,944,34533,248,3905
"Sudeste","RJ",2020-05-24,3379,37912,88,3993
"Sudeste","RJ",2020-05-25,1386,39298,112,4105
"Sudeste","RJ",2020-05-26,726,40024,256,4361
"Sudeste","RJ",2020-05-27,2374,42398,244,4605
"Sudeste","RJ",2020-05-28,2488,44886,251,4856
"Sudeste","RJ",2020-05-29,3067,47953,223,5079
"Sudeste","RJ",2020-05-30,4467,52420,198,5277
"Sudeste","RJ",2020-05-31,968,53388,67,5344
"Sudeste","SP",2020-02-26,0,1,0,0
"Sudeste","SP",2020-02-27,0,1,0,0
"Sudeste","SP",2020-02-28,0,1,0,0
"Sudeste","SP",2020-02-29,1,2,0,0
"Sudeste","SP",2020-03-01,0,2,0,0
"Sudeste","SP",2020-03-02,0,2,0,0
"Sudeste","SP",2020-03-03,0,2,0,0
"Sudeste","SP",2020-03-04,1,3,0,0
"Sudeste","SP",2020-03-05,3,6,0,0
"Sudeste","SP",2020-03-06,4,10,0,0
"Sudeste","SP",2020-03-07,3,13,0,0
"Sudeste","SP",2020-03-08,3,16,0,0
"Sudeste","SP",2020-03-09,0,16,0,0
"Sudeste","SP",2020-03-10,3,19,0,0
"Sudeste","SP",2020-03-11,11,30,0,0
"Sudeste","SP",2020-03-12,12,42,0,0
"Sudeste","SP",2020-03-13,14,56,0,0
"Sudeste","SP",2020-03-14,9,65,0,0
"Sudeste","SP",2020-03-15,71,136,0,0
"Sudeste","SP",2020-03-16,16,152,0,0
"Sudeste","SP",2020-03-17,12,164,1,1
"Sudeste","SP",2020-03-18,76,240,3,4
"Sudeste","SP",2020-03-19,46,286,0,4
"Sudeste","SP",2020-03-20,110,396,5,9
"Sudeste","SP",2020-03-21,63,459,6,15
"Sudeste","SP",2020-03-22,172,631,7,22
"Sudeste","SP",2020-03-23,114,745,8,30
"Sudeste","SP",2020-03-24,65,810,10,40
"Sudeste","SP",2020-03-25,52,862,8,48
"Sudeste","SP",2020-03-26,190,1052,10,58
"Sudeste","SP",2020-03-27,171,1223,10,68
"Sudeste","SP",2020-03-28,183,1406,16,84
"Sudeste","SP",2020-03-29,45,1451,14,98
"Sudeste","SP",2020-03-30,66,1517,15,113
"Sudeste","SP",2020-03-31,822,2339,23,136
"Sudeste","SP",2020-04-01,642,2981,28,164
"Sudeste","SP",2020-04-02,525,3506,24,188
"Sudeste","SP",2020-04-03,542,4048,31,219
"Sudeste","SP",2020-04-04,418,4466,41,260
"Sudeste","SP",2020-04-05,154,4620,15,275
"Sudeste","SP",2020-04-06,246,4866,29,304
"Sudeste","SP",2020-04-07,816,5682,67,371
"Sudeste","SP",2020-04-08,1026,6708,57,428
"Sudeste","SP",2020-04-09,772,7480,68,496
"Sudeste","SP",2020-04-10,736,8216,44,540
"Sudeste","SP",2020-04-11,203,8419,20,560
"Sudeste","SP",2020-04-12,336,8755,28,588
"Sudeste","SP",2020-04-13,140,8895,20,608
"Sudeste","SP",2020-04-14,476,9371,87,695
"Sudeste","SP",2020-04-15,1672,11043,83,778
"Sudeste","SP",2020-04-16,525,11568,75,853
"Sudeste","SP",2020-04-17,1273,12841,75,928
"Sudeste","SP",2020-04-18,1053,13894,63,991
"Sudeste","SP",2020-04-19,373,14267,24,1015
"Sudeste","SP",2020-04-20,313,14580,22,1037
"Sudeste","SP",2020-04-21,805,15385,56,1093
"Sudeste","SP",2020-04-22,529,15914,41,1134
"Sudeste","SP",2020-04-23,826,16740,211,1345
"Sudeste","SP",2020-04-24,1086,17826,167,1512
"Sudeste","SP",2020-04-25,2178,20004,155,1667
"Sudeste","SP",2020-04-26,711,20715,33,1700
"Sudeste","SP",2020-04-27,981,21696,125,1825
"Sudeste","SP",2020-04-28,2345,24041,224,2049
"Sudeste","SP",2020-04-29,2117,26158,198,2247
"Sudeste","SP",2020-04-30,2540,28698,128,2375
"Sudeste","SP",2020-05-01,1676,30374,136,2511
"Sudeste","SP",2020-05-02,800,31174,75,2586
"Sudeste","SP",2020-05-03,598,31772,41,2627
"Sudeste","SP",2020-05-04,415,32187,27,2654
"Sudeste","SP",2020-05-05,1866,34053,197,2851
"Sudeste","SP",2020-05-06,3800,37853,194,3045
"Sudeste","SP",2020-05-07,2075,39928,161,3206
"Sudeste","SP",2020-05-08,1902,41830,210,3416
"Sudeste","SP",2020-05-09,2581,44411,192,3608
"Sudeste","SP",2020-05-10,1033,45444,101,3709
"Sudeste","SP",2020-05-11,687,46131,34,3743
"Sudeste","SP",2020-05-12,1588,47719,206,3949
"Sudeste","SP",2020-05-13,3378,51097,169,4118
"Sudeste","SP",2020-05-14,3189,54286,197,4315
"Sudeste","SP",2020-05-15,4092,58378,186,4501
"Sudeste","SP",2020-05-16,2805,61183,187,4688
"Sudeste","SP",2020-05-17,1162,62345,94,4782
"Sudeste","SP",2020-05-18,721,63066,41,4823
"Sudeste","SP",2020-05-19,2929,65995,324,5147
"Sudeste","SP",2020-05-20,3864,69859,216,5363
"Sudeste","SP",2020-05-21,3880,73739,195,5558
"Sudeste","SP",2020-05-22,3132,76871,215,5773
"Sudeste","SP",2020-05-23,3687,80558,272,6045
"Sudeste","SP",2020-05-24,1603,82161,118,6163
"Sudeste","SP",2020-05-25,1464,83625,57,6220
"Sudeste","SP",2020-05-26,2392,86017,203,6423
"Sudeste","SP",2020-05-27,3466,89483,289,6712
"Sudeste","SP",2020-05-28,6382,95865,268,6980
"Sudeste","SP",2020-05-29,5691,101556,295,7275
"Sudeste","SP",2020-05-30,5586,107142,257,7532
"Sudeste","SP",2020-05-31,2556,109698,83,7615
"Sul","PR",2020-03-12,0,6,0,0
"Sul","PR",2020-03-13,0,6,0,0
"Sul","PR",2020-03-14,0,6,0,0
"Sul","PR",2020-03-15,0,6,0,0
"Sul","PR",2020-03-16,0,6,0,0
"Sul","PR",2020-03-17,0,6,0,0
"Sul","PR",2020-03-18,7,13,0,0
"Sul","PR",2020-03-19,10,23,0,0
"Sul","PR",2020-03-20,9,32,0,0
"Sul","PR",2020-03-21,11,43,0,0
"Sul","PR",2020-03-22,7,50,0,0
"Sul","PR",2020-03-23,6,56,0,0
"Sul","PR",2020-03-24,9,65,0,0
"Sul","PR",2020-03-25,16,81,0,0
"Sul","PR",2020-03-26,21,102,0,0
"Sul","PR",2020-03-27,17,119,2,2
"Sul","PR",2020-03-28,14,133,0,2
"Sul","PR",2020-03-29,15,148,0,2
"Sul","PR",2020-03-30,7,155,1,3
"Sul","PR",2020-03-31,24,179,0,3
"Sul","PR",2020-04-01,45,224,0,3
"Sul","PR",2020-04-02,28,252,1,4
"Sul","PR",2020-04-03,49,301,0,4
"Sul","PR",2020-04-04,94,395,2,6
"Sul","PR",2020-04-05,43,438,3,9
"Sul","PR",2020-04-06,20,458,2,11
"Sul","PR",2020-04-07,45,503,4,15
"Sul","PR",2020-04-08,36,539,2,17
"Sul","PR",2020-04-09,70,609,5,22
"Sul","PR",2020-04-10,34,643,3,25
"Sul","PR",2020-04-11,33,676,1,26
"Sul","PR",2020-04-12,62,738,4,30
"Sul","PR",2020-04-13,18,756,1,31
"Sul","PR",2020-04-14,35,791,5,36
"Sul","PR",2020-04-15,12,803,2,38
"Sul","PR",2020-04-16,29,832,3,41
"Sul","PR",2020-04-17,42,874,1,42
"Sul","PR",2020-04-18,71,945,4,46
"Sul","PR",2020-04-19,42,987,2,48
"Sul","PR",2020-04-20,20,1007,3,51
"Sul","PR",2020-04-21,17,1024,0,51
"Sul","PR",2020-04-22,39,1063,6,57
"Sul","PR",2020-04-23,19,1082,3,60
"Sul","PR",2020-04-24,37,1119,4,64
"Sul","PR",2020-04-25,21,1140,5,69
"Sul","PR",2020-04-26,16,1156,3,72
"Sul","PR",2020-04-27,30,1186,3,75
"Sul","PR",2020-04-28,85,1271,2,77
"Sul","PR",2020-04-29,77,1348,5,82
"Sul","PR",2020-04-30,59,1407,1,83
"Sul","PR",2020-05-01,40,1447,6,89
"Sul","PR",2020-05-02,45,1492,1,90
"Sul","PR",2020-05-03,22,1514,3,93
"Sul","PR",2020-05-04,48,1562,1,94
"Sul","PR",2020-05-05,26,1588,5,99
"Sul","PR",2020-05-06,39,1627,2,101
"Sul","PR",2020-05-07,29,1656,3,104
"Sul","PR",2020-05-08,55,1711,2,106
"Sul","PR",2020-05-09,74,1785,1,107
"Sul","PR",2020-05-10,50,1835,2,109
"Sul","PR",2020-05-11,14,1849,2,111
"Sul","PR",2020-05-12,57,1906,2,113
"Sul","PR",2020-05-13,90,1996,4,117
"Sul","PR",2020-05-14,67,2063,2,119
"Sul","PR",2020-05-15,76,2139,1,120
"Sul","PR",2020-05-16,103,2242,3,123
"Sul","PR",2020-05-17,44,2286,1,124
"Sul","PR",2020-05-18,74,2360,3,127
"Sul","PR",2020-05-19,121,2481,2,129
"Sul","PR",2020-05-20,135,2616,8,137
"Sul","PR",2020-05-21,194,2810,4,141
"Sul","PR",2020-05-22,129,2939,5,146
"Sul","PR",2020-05-23,160,3099,4,150
"Sul","PR",2020-05-24,113,3212,3,153
"Sul","PR",2020-05-25,119,3331,3,156
"Sul","PR",2020-05-26,181,3512,3,159
"Sul","PR",2020-05-27,200,3712,3,162
"Sul","PR",2020-05-28,272,3984,7,169
"Sul","PR",2020-05-29,252,4236,4,173
"Sul","PR",2020-05-30,237,4473,8,181
"Sul","PR",2020-05-31,214,4687,1,182
"Sul","SC",2020-03-13,0,2,0,0
"Sul","SC",2020-03-14,2,4,0,0
"Sul","SC",2020-03-15,2,6,0,0
"Sul","SC",2020-03-16,1,7,0,0
"Sul","SC",2020-03-17,0,7,0,0
"Sul","SC",2020-03-18,3,10,0,0
"Sul","SC",2020-03-19,10,20,0,0
"Sul","SC",2020-03-20,1,21,0,0
"Sul","SC",2020-03-21,30,51,0,0
"Sul","SC",2020-03-22,6,57,0,0
"Sul","SC",2020-03-23,11,68,0,0
"Sul","SC",2020-03-24,39,107,0,0
"Sul","SC",2020-03-25,2,109,0,0
"Sul","SC",2020-03-26,13,122,1,1
"Sul","SC",2020-03-27,27,149,0,1
"Sul","SC",2020-03-28,35,184,0,1
"Sul","SC",2020-03-29,10,194,0,1
"Sul","SC",2020-03-30,3,197,0,1
"Sul","SC",2020-03-31,22,219,1,2
"Sul","SC",2020-04-01,16,235,0,2
"Sul","SC",2020-04-02,12,247,0,2
"Sul","SC",2020-04-03,34,281,3,5
"Sul","SC",2020-04-04,53,334,0,5
"Sul","SC",2020-04-05,23,357,5,10
"Sul","SC",2020-04-06,22,379,0,10
"Sul","SC",2020-04-07,38,417,1,11
"Sul","SC",2020-04-08,40,457,4,15
"Sul","SC",2020-04-09,44,501,2,17
"Sul","SC",2020-04-10,192,693,1,18
"Sul","SC",2020-04-11,39,732,3,21
"Sul","SC",2020-04-12,36,768,3,24
"Sul","SC",2020-04-13,9,777,0,24
"Sul","SC",2020-04-14,49,826,2,26
"Sul","SC",2020-04-15,27,853,2,28
"Sul","SC",2020-04-16,31,884,1,29
"Sul","SC",2020-04-17,42,926,1,30
"Sul","SC",2020-04-18,36,962,1,31
"Sul","SC",2020-04-19,13,975,1,32
"Sul","SC",2020-04-20,50,1025,3,35
"Sul","SC",2020-04-21,38,1063,0,35
"Sul","SC",2020-04-22,28,1091,2,37
"Sul","SC",2020-04-23,24,1115,2,39
"Sul","SC",2020-04-24,55,1170,3,42
"Sul","SC",2020-04-25,39,1209,0,42
"Sul","SC",2020-04-26,26,1235,0,42
"Sul","SC",2020-04-27,102,1337,1,43
"Sul","SC",2020-04-28,139,1476,1,44
"Sul","SC",2020-04-29,519,1995,0,44
"Sul","SC",2020-04-30,90,2085,2,46
"Sul","SC",2020-05-01,19,2104,2,48
"Sul","SC",2020-05-02,242,2346,4,52
"Sul","SC",2020-05-03,0,2346,0,52
"Sul","SC",2020-05-04,173,2519,0,52
"Sul","SC",2020-05-05,104,2623,3,55
"Sul","SC",2020-05-06,294,2917,4,59
"Sul","SC",2020-05-07,165,3082,4,63
"Sul","SC",2020-05-08,123,3205,0,63
"Sul","SC",2020-05-09,167,3372,1,64
"Sul","SC",2020-05-10,57,3429,1,65
"Sul","SC",2020-05-11,100,3529,4,69
"Sul","SC",2020-05-12,204,3733,4,73
"Sul","SC",2020-05-13,95,3828,0,73
"Sul","SC",2020-05-14,504,4332,5,78
"Sul","SC",2020-05-15,230,4562,1,79
"Sul","SC",2020-05-16,116,4678,2,81
"Sul","SC",2020-05-17,98,4776,2,83
"Sul","SC",2020-05-18,399,5175,2,85
"Sul","SC",2020-05-19,238,5413,6,91
"Sul","SC",2020-05-20,86,5499,3,94
"Sul","SC",2020-05-21,111,5610,4,98
"Sul","SC",2020-05-22,848,6458,2,100
"Sul","SC",2020-05-23,149,6607,3,103
"Sul","SC",2020-05-24,89,6696,2,105
"Sul","SC",2020-05-25,179,6875,4,109
"Sul","SC",2020-05-26,141,7016,12,121
"Sul","SC",2020-05-27,356,7372,5,126
"Sul","SC",2020-05-28,628,8000,5,131
"Sul","SC",2020-05-29,530,8530,3,134
"Sul","SC",2020-05-30,248,8778,2,136
"Sul","SC",2020-05-31,259,9037,7,143
"Sul","RS",2020-03-10,0,1,0,0
"Sul","RS",2020-03-11,1,2,0,0
"Sul","RS",2020-03-12,2,4,0,0
"Sul","RS",2020-03-13,0,4,0,0
"Sul","RS",2020-03-14,2,6,0,0
"Sul","RS",2020-03-15,0,6,0,0
"Sul","RS",2020-03-16,0,6,0,0
"Sul","RS",2020-03-17,4,10,0,0
"Sul","RS",2020-03-18,9,19,0,0
"Sul","RS",2020-03-19,9,28,0,0
"Sul","RS",2020-03-20,9,37,0,0
"Sul","RS",2020-03-21,23,60,0,0
"Sul","RS",2020-03-22,12,72,0,0
"Sul","RS",2020-03-23,14,86,0,0
"Sul","RS",2020-03-24,12,98,0,0
"Sul","RS",2020-03-25,25,123,1,1
"Sul","RS",2020-03-26,45,168,0,1
"Sul","RS",2020-03-27,27,195,1,2
"Sul","RS",2020-03-28,2,197,0,2
"Sul","RS",2020-03-29,29,226,0,2
"Sul","RS",2020-03-30,15,241,1,3
"Sul","RS",2020-03-31,33,274,1,4
"Sul","RS",2020-04-01,32,306,0,4
"Sul","RS",2020-04-02,28,334,1,5
"Sul","RS",2020-04-03,62,396,0,5
"Sul","RS",2020-04-04,14,410,1,6
"Sul","RS",2020-04-05,8,418,1,7
"Sul","RS",2020-04-06,63,481,0,7
"Sul","RS",2020-04-07,27,508,1,8
"Sul","RS",2020-04-08,47,555,1,9
"Sul","RS",2020-04-09,63,618,3,12
"Sul","RS",2020-04-10,18,636,2,14
"Sul","RS",2020-04-11,4,640,1,15
"Sul","RS",2020-04-12,13,653,1,16
"Sul","RS",2020-04-13,11,664,0,16
"Sul","RS",2020-04-14,36,700,2,18
"Sul","RS",2020-04-15,47,747,1,19
"Sul","RS",2020-04-16,33,780,0,19
"Sul","RS",2020-04-17,22,802,3,22
"Sul","RS",2020-04-18,29,831,2,24
"Sul","RS",2020-04-19,23,854,0,24
"Sul","RS",2020-04-20,35,889,3,27
"Sul","RS",2020-04-21,15,904,0,27
"Sul","RS",2020-04-22,19,923,0,27
"Sul","RS",2020-04-23,71,994,2,29
"Sul","RS",2020-04-24,67,1061,2,31
"Sul","RS",2020-04-25,35,1096,3,34
"Sul","RS",2020-04-26,70,1166,1,35
"Sul","RS",2020-04-27,62,1228,7,42
"Sul","RS",2020-04-28,58,1286,3,45
"Sul","RS",2020-04-29,82,1368,5,50
"Sul","RS",2020-04-30,98,1466,1,51
"Sul","RS",2020-05-01,63,1529,7,58
"Sul","RS",2020-05-02,90,1619,4,62
"Sul","RS",2020-05-03,47,1666,3,65
"Sul","RS",2020-05-04,45,1711,9,74
"Sul","RS",2020-05-05,104,1815,5,79
"Sul","RS",2020-05-06,235,2050,8,87
"Sul","RS",2020-05-07,79,2129,3,90
"Sul","RS",2020-05-08,318,2447,1,91
"Sul","RS",2020-05-09,46,2493,4,95
"Sul","RS",2020-05-10,49,2542,2,97
"Sul","RS",2020-05-11,34,2576,8,105
"Sul","RS",2020-05-12,341,2917,6,111
"Sul","RS",2020-05-13,0,2917,0,111
"Sul","RS",2020-05-14,80,2997,9,120
"Sul","RS",2020-05-15,600,3597,6,126
"Sul","RS",2020-05-16,98,3695,6,132
"Sul","RS",2020-05-17,40,3735,10,142
"Sul","RS",2020-05-18,0,3735,2,144
"Sul","RS",2020-05-19,15,3750,7,151
"Sul","RS",2020-05-20,1223,4973,10,161
"Sul","RS",2020-05-21,500,5473,5,166
"Sul","RS",2020-05-22,445,5918,6,172
"Sul","RS",2020-05-23,418,6336,4,176
"Sul","RS",2020-05-24,134,6470,4,180
"Sul","RS",2020-05-25,89,6559,17,197
"Sul","RS",2020-05-26,226,6785,6,203
"Sul","RS",2020-05-27,263,7048,6,209
"Sul","RS",2020-05-28,1186,8234,4,213
"Sul","RS",2020-05-29,0,8234,0,213
"Sul","RS",2020-05-30,1008,9242,5,218
"Sul","RS",2020-05-31,90,9332,6,224
"Centro-Oeste","MS",2020-03-16,0,2,0,0
"Centro-Oeste","MS",2020-03-17,2,4,0,0
"Centro-Oeste","MS",2020-03-18,3,7,0,0
"Centro-Oeste","MS",2020-03-19,0,7,0,0
"Centro-Oeste","MS",2020-03-20,2,9,0,0
"Centro-Oeste","MS",2020-03-21,7,16,0,0
"Centro-Oeste","MS",2020-03-22,5,21,0,0
"Centro-Oeste","MS",2020-03-23,0,21,0,0
"Centro-Oeste","MS",2020-03-24,2,23,0,0
"Centro-Oeste","MS",2020-03-25,1,24,0,0
"Centro-Oeste","MS",2020-03-26,1,25,0,0
"Centro-Oeste","MS",2020-03-27,3,28,0,0
"Centro-Oeste","MS",2020-03-28,3,31,0,0
"Centro-Oeste","MS",2020-03-29,5,36,0,0
"Centro-Oeste","MS",2020-03-30,8,44,0,0
"Centro-Oeste","MS",2020-03-31,4,48,1,1
"Centro-Oeste","MS",2020-04-01,3,51,0,1
"Centro-Oeste","MS",2020-04-02,2,53,0,1
"Centro-Oeste","MS",2020-04-03,7,60,0,1
"Centro-Oeste","MS",2020-04-04,2,62,0,1
"Centro-Oeste","MS",2020-04-05,3,65,0,1
"Centro-Oeste","MS",2020-04-06,1,66,0,1
"Centro-Oeste","MS",2020-04-07,14,80,1,2
"Centro-Oeste","MS",2020-04-08,5,85,0,2
"Centro-Oeste","MS",2020-04-09,4,89,0,2
"Centro-Oeste","MS",2020-04-10,8,97,0,2
"Centro-Oeste","MS",2020-04-11,3,100,0,2
"Centro-Oeste","MS",2020-04-12,1,101,0,2
"Centro-Oeste","MS",2020-04-13,12,113,2,4
"Centro-Oeste","MS",2020-04-14,2,115,0,4
"Centro-Oeste","MS",2020-04-15,6,121,0,4
"Centro-Oeste","MS",2020-04-16,10,131,1,5
"Centro-Oeste","MS",2020-04-17,12,143,0,5
"Centro-Oeste","MS",2020-04-18,18,161,0,5
"Centro-Oeste","MS",2020-04-19,7,168,0,5
"Centro-Oeste","MS",2020-04-20,3,171,0,5
"Centro-Oeste","MS",2020-04-21,2,173,1,6
"Centro-Oeste","MS",2020-04-22,2,175,0,6
"Centro-Oeste","MS",2020-04-23,11,186,1,7
"Centro-Oeste","MS",2020-04-24,27,213,0,7
"Centro-Oeste","MS",2020-04-25,4,217,0,7
"Centro-Oeste","MS",2020-04-26,17,234,0,7
"Centro-Oeste","MS",2020-04-27,4,238,2,9
"Centro-Oeste","MS",2020-04-28,2,240,0,9
"Centro-Oeste","MS",2020-04-29,9,249,0,9
"Centro-Oeste","MS",2020-04-30,6,255,0,9
"Centro-Oeste","MS",2020-05-01,6,261,0,9
"Centro-Oeste","MS",2020-05-02,5,266,0,9
"Centro-Oeste","MS",2020-05-03,6,272,1,10
"Centro-Oeste","MS",2020-05-04,2,274,0,10
"Centro-Oeste","MS",2020-05-05,9,283,0,10
"Centro-Oeste","MS",2020-05-06,5,288,0,10
"Centro-Oeste","MS",2020-05-07,23,311,0,10
"Centro-Oeste","MS",2020-05-08,15,326,1,11
"Centro-Oeste","MS",2020-05-09,20,346,0,11
"Centro-Oeste","MS",2020-05-10,16,362,0,11
"Centro-Oeste","MS",2020-05-11,23,385,0,11
"Centro-Oeste","MS",2020-05-12,20,405,1,12
"Centro-Oeste","MS",2020-05-13,25,430,1,13
"Centro-Oeste","MS",2020-05-14,22,452,1,14
"Centro-Oeste","MS",2020-05-15,27,479,0,14
"Centro-Oeste","MS",2020-05-16,29,508,1,15
"Centro-Oeste","MS",2020-05-17,62,570,0,15
"Centro-Oeste","MS",2020-05-18,43,613,1,16
"Centro-Oeste","MS",2020-05-19,29,642,0,16
"Centro-Oeste","MS",2020-05-20,51,693,1,17
"Centro-Oeste","MS",2020-05-21,53,746,0,17
"Centro-Oeste","MS",2020-05-22,59,805,0,17
"Centro-Oeste","MS",2020-05-23,53,858,0,17
"Centro-Oeste","MS",2020-05-24,66,924,0,17
"Centro-Oeste","MS",2020-05-25,99,1023,0,17
"Centro-Oeste","MS",2020-05-26,77,1100,0,17
"Centro-Oeste","MS",2020-05-27,86,1186,1,18
"Centro-Oeste","MS",2020-05-28,76,1262,0,18
"Centro-Oeste","MS",2020-05-29,94,1356,0,18
"Centro-Oeste","MS",2020-05-30,62,1418,1,19
"Centro-Oeste","MS",2020-05-31,71,1489,1,20
"Centro-Oeste","MT",2020-03-20,0,1,0,0
"Centro-Oeste","MT",2020-03-21,1,2,0,0
"Centro-Oeste","MT",2020-03-22,0,2,0,0
"Centro-Oeste","MT",2020-03-23,0,2,0,0
"Centro-Oeste","MT",2020-03-24,5,7,0,0
"Centro-Oeste","MT",2020-03-25,1,8,0,0
"Centro-Oeste","MT",2020-03-26,3,11,0,0
"Centro-Oeste","MT",2020-03-27,0,11,0,0
"Centro-Oeste","MT",2020-03-28,2,13,0,0
"Centro-Oeste","MT",2020-03-29,3,16,0,0
"Centro-Oeste","MT",2020-03-30,2,18,0,0
"Centro-Oeste","MT",2020-03-31,7,25,0,0
"Centro-Oeste","MT",2020-04-01,2,27,0,0
"Centro-Oeste","MT",2020-04-02,9,36,0,0
"Centro-Oeste","MT",2020-04-03,8,44,1,1
"Centro-Oeste","MT",2020-04-04,12,56,0,1
"Centro-Oeste","MT",2020-04-05,4,60,0,1
"Centro-Oeste","MT",2020-04-06,16,76,0,1
"Centro-Oeste","MT",2020-04-07,2,78,0,1
"Centro-Oeste","MT",2020-04-08,12,90,0,1
"Centro-Oeste","MT",2020-04-09,18,108,1,2
"Centro-Oeste","MT",2020-04-10,4,112,0,2
"Centro-Oeste","MT",2020-04-11,9,121,1,3
"Centro-Oeste","MT",2020-04-12,2,123,0,3
"Centro-Oeste","MT",2020-04-13,11,134,1,4
"Centro-Oeste","MT",2020-04-14,4,138,0,4
"Centro-Oeste","MT",2020-04-15,13,151,0,4
"Centro-Oeste","MT",2020-04-16,5,156,1,5
"Centro-Oeste","MT",2020-04-17,6,162,0,5
"Centro-Oeste","MT",2020-04-18,9,171,0,5
"Centro-Oeste","MT",2020-04-19,3,174,0,5
"Centro-Oeste","MT",2020-04-20,7,181,1,6
"Centro-Oeste","MT",2020-04-21,0,181,0,6
"Centro-Oeste","MT",2020-04-22,2,183,0,6
"Centro-Oeste","MT",2020-04-23,38,221,1,7
"Centro-Oeste","MT",2020-04-24,19,240,1,8
"Centro-Oeste","MT",2020-04-25,7,247,1,9
"Centro-Oeste","MT",2020-04-26,3,250,0,9
"Centro-Oeste","MT",2020-04-27,7,257,1,10
"Centro-Oeste","MT",2020-04-28,4,261,1,11
"Centro-Oeste","MT",2020-04-29,31,292,0,11
"Centro-Oeste","MT",2020-04-30,5,297,0,11
"Centro-Oeste","MT",2020-05-01,23,320,0,11
"Centro-Oeste","MT",2020-05-02,11,331,1,12
"Centro-Oeste","MT",2020-05-03,6,337,0,12
"Centro-Oeste","MT",2020-05-04,7,344,1,13
"Centro-Oeste","MT",2020-05-05,21,365,0,13
"Centro-Oeste","MT",2020-05-06,14,379,0,13
"Centro-Oeste","MT",2020-05-07,38,417,0,13
"Centro-Oeste","MT",2020-05-08,40,457,1,14
"Centro-Oeste","MT",2020-05-09,45,502,2,16
"Centro-Oeste","MT",2020-05-10,17,519,2,18
"Centro-Oeste","MT",2020-05-11,22,541,1,19
"Centro-Oeste","MT",2020-05-12,50,591,0,19
"Centro-Oeste","MT",2020-05-13,70,661,1,20
"Centro-Oeste","MT",2020-05-14,58,719,3,23
"Centro-Oeste","MT",2020-05-15,60,779,3,26
"Centro-Oeste","MT",2020-05-16,72,851,1,27
"Centro-Oeste","MT",2020-05-17,50,901,0,27
"Centro-Oeste","MT",2020-05-18,36,937,2,29
"Centro-Oeste","MT",2020-05-19,58,995,3,32
"Centro-Oeste","MT",2020-05-20,59,1054,0,32
"Centro-Oeste","MT",2020-05-21,118,1172,2,34
"Centro-Oeste","MT",2020-05-22,48,1220,3,37
"Centro-Oeste","MT",2020-05-23,132,1352,0,37
"Centro-Oeste","MT",2020-05-24,110,1462,3,40
"Centro-Oeste","MT",2020-05-25,38,1500,1,41
"Centro-Oeste","MT",2020-05-26,128,1628,2,43
"Centro-Oeste","MT",2020-05-27,211,1839,3,46
"Centro-Oeste","MT",2020-05-28,112,1951,5,51
"Centro-Oeste","MT",2020-05-29,152,2103,5,56
"Centro-Oeste","MT",2020-05-30,258,2361,1,57
"Centro-Oeste","MT",2020-05-31,68,2429,4,61
"Centro-Oeste","GO",2020-03-13,0,3,0,0
"Centro-Oeste","GO",2020-03-14,0,3,0,0
"Centro-Oeste","GO",2020-03-15,0,3,0,0
"Centro-Oeste","GO",2020-03-16,0,3,0,0
"Centro-Oeste","GO",2020-03-17,3,6,0,0
"Centro-Oeste","GO",2020-03-18,2,8,0,0
"Centro-Oeste","GO",2020-03-19,4,12,0,0
"Centro-Oeste","GO",2020-03-20,3,15,0,0
"Centro-Oeste","GO",2020-03-21,5,20,0,0
"Centro-Oeste","GO",2020-03-22,1,21,0,0
"Centro-Oeste","GO",2020-03-23,2,23,0,0
"Centro-Oeste","GO",2020-03-24,4,27,0,0
"Centro-Oeste","GO",2020-03-25,2,29,0,0
"Centro-Oeste","GO",2020-03-26,10,39,1,1
"Centro-Oeste","GO",2020-03-27,10,49,0,1
"Centro-Oeste","GO",2020-03-28,7,56,0,1
"Centro-Oeste","GO",2020-03-29,2,58,0,1
"Centro-Oeste","GO",2020-03-30,3,61,0,1
"Centro-Oeste","GO",2020-03-31,4,65,0,1
"Centro-Oeste","GO",2020-04-01,6,71,0,1
"Centro-Oeste","GO",2020-04-02,2,73,0,1
"Centro-Oeste","GO",2020-04-03,15,88,1,2
"Centro-Oeste","GO",2020-04-04,15,103,0,2
"Centro-Oeste","GO",2020-04-05,12,115,1,3
"Centro-Oeste","GO",2020-04-06,4,119,2,5
"Centro-Oeste","GO",2020-04-07,14,133,0,5
"Centro-Oeste","GO",2020-04-08,25,158,2,7
"Centro-Oeste","GO",2020-04-09,21,179,0,7
"Centro-Oeste","GO",2020-04-10,12,191,1,8
"Centro-Oeste","GO",2020-04-11,18,209,2,10
"Centro-Oeste","GO",2020-04-12,20,229,4,14
"Centro-Oeste","GO",2020-04-13,4,233,1,15
"Centro-Oeste","GO",2020-04-14,51,284,0,15
"Centro-Oeste","GO",2020-04-15,20,304,0,15
"Centro-Oeste","GO",2020-04-16,14,318,1,16
"Centro-Oeste","GO",2020-04-17,17,335,0,16
"Centro-Oeste","GO",2020-04-18,43,378,2,18
"Centro-Oeste","GO",2020-04-19,15,393,0,18
"Centro-Oeste","GO",2020-04-20,10,403,1,19
"Centro-Oeste","GO",2020-04-21,18,421,0,19
"Centro-Oeste","GO",2020-04-22,17,438,2,21
"Centro-Oeste","GO",2020-04-23,15,453,2,23
"Centro-Oeste","GO",2020-04-24,33,486,1,24
"Centro-Oeste","GO",2020-04-25,20,506,1,25
"Centro-Oeste","GO",2020-04-26,67,573,0,25
"Centro-Oeste","GO",2020-04-27,43,616,1,26
"Centro-Oeste","GO",2020-04-28,45,661,1,27
"Centro-Oeste","GO",2020-04-29,44,705,0,27
"Centro-Oeste","GO",2020-04-30,76,781,2,29
"Centro-Oeste","GO",2020-05-01,27,808,0,29
"Centro-Oeste","GO",2020-05-02,17,825,1,30
"Centro-Oeste","GO",2020-05-03,25,850,0,30
"Centro-Oeste","GO",2020-05-04,11,861,0,30
"Centro-Oeste","GO",2020-05-05,61,922,8,38
"Centro-Oeste","GO",2020-05-06,102,1024,6,44
"Centro-Oeste","GO",2020-05-07,3,1027,0,44
"Centro-Oeste","GO",2020-05-08,26,1053,3,47
"Centro-Oeste","GO",2020-05-09,16,1069,0,47
"Centro-Oeste","GO",2020-05-10,24,1093,0,47
"Centro-Oeste","GO",2020-05-11,7,1100,2,49
"Centro-Oeste","GO",2020-05-12,15,1115,3,52
"Centro-Oeste","GO",2020-05-13,19,1134,9,61
"Centro-Oeste","GO",2020-05-14,289,1423,3,64
"Centro-Oeste","GO",2020-05-15,149,1572,3,67
"Centro-Oeste","GO",2020-05-16,68,1640,2,69
"Centro-Oeste","GO",2020-05-17,52,1692,1,70
"Centro-Oeste","GO",2020-05-18,57,1749,3,73
"Centro-Oeste","GO",2020-05-19,97,1846,0,73
"Centro-Oeste","GO",2020-05-20,132,1978,5,78
"Centro-Oeste","GO",2020-05-21,136,2114,7,85
"Centro-Oeste","GO",2020-05-22,190,2304,8,93
"Centro-Oeste","GO",2020-05-23,73,2377,2,95
"Centro-Oeste","GO",2020-05-24,66,2443,0,95
"Centro-Oeste","GO",2020-05-25,69,2512,1,96
"Centro-Oeste","GO",2020-05-26,159,2671,8,104
"Centro-Oeste","GO",2020-05-27,172,2843,4,108
"Centro-Oeste","GO",2020-05-28,247,3090,7,115
"Centro-Oeste","GO",2020-05-29,229,3319,4,119
"Centro-Oeste","GO",2020-05-30,266,3585,3,122
"Centro-Oeste","GO",2020-05-31,117,3702,2,124
"Centro-Oeste","DF",2020-03-07,0,1,0,0
"Centro-Oeste","DF",2020-03-08,0,1,0,0
"Centro-Oeste","DF",2020-03-09,0,1,0,0
"Centro-Oeste","DF",2020-03-10,0,1,0,0
"Centro-Oeste","DF",2020-03-11,1,2,0,0
"Centro-Oeste","DF",2020-03-12,0,2,0,0
"Centro-Oeste","DF",2020-03-13,0,2,0,0
"Centro-Oeste","DF",2020-03-14,4,6,0,0
"Centro-Oeste","DF",2020-03-15,2,8,0,0
"Centro-Oeste","DF",2020-03-16,5,13,0,0
"Centro-Oeste","DF",2020-03-17,9,22,0,0
"Centro-Oeste","DF",2020-03-18,4,26,0,0
"Centro-Oeste","DF",2020-03-19,16,42,0,0
"Centro-Oeste","DF",2020-03-20,45,87,0,0
"Centro-Oeste","DF",2020-03-21,13,100,0,0
"Centro-Oeste","DF",2020-03-22,17,117,0,0
"Centro-Oeste","DF",2020-03-23,16,133,0,0
"Centro-Oeste","DF",2020-03-24,27,160,0,0
"Centro-Oeste","DF",2020-03-25,0,160,0,0
"Centro-Oeste","DF",2020-03-26,40,200,0,0
"Centro-Oeste","DF",2020-03-27,30,230,0,0
"Centro-Oeste","DF",2020-03-28,30,260,0,0
"Centro-Oeste","DF",2020-03-29,29,289,1,1
"Centro-Oeste","DF",2020-03-30,23,312,0,1
"Centro-Oeste","DF",2020-03-31,20,332,2,3
"Centro-Oeste","DF",2020-04-01,23,355,0,3
"Centro-Oeste","DF",2020-04-02,15,370,1,4
"Centro-Oeste","DF",2020-04-03,32,402,1,5
"Centro-Oeste","DF",2020-04-04,52,454,2,7
"Centro-Oeste","DF",2020-04-05,14,468,0,7
"Centro-Oeste","DF",2020-04-06,5,473,3,10
"Centro-Oeste","DF",2020-04-07,19,492,2,12
"Centro-Oeste","DF",2020-04-08,17,509,0,12
"Centro-Oeste","DF",2020-04-09,18,527,1,13
"Centro-Oeste","DF",2020-04-10,28,555,1,14
"Centro-Oeste","DF",2020-04-11,24,579,0,14
"Centro-Oeste","DF",2020-04-12,35,614,0,14
"Centro-Oeste","DF",2020-04-13,24,638,1,15
"Centro-Oeste","DF",2020-04-14,13,651,2,17
"Centro-Oeste","DF",2020-04-15,31,682,0,17
"Centro-Oeste","DF",2020-04-16,34,716,3,20
"Centro-Oeste","DF",2020-04-17,30,746,0,20
"Centro-Oeste","DF",2020-04-18,16,762,4,24
"Centro-Oeste","DF",2020-04-19,65,827,0,24
"Centro-Oeste","DF",2020-04-20,45,872,0,24
"Centro-Oeste","DF",2020-04-21,9,881,0,24
"Centro-Oeste","DF",2020-04-22,65,946,1,25
"Centro-Oeste","DF",2020-04-23,17,963,0,25
"Centro-Oeste","DF",2020-04-24,26,989,1,26
"Centro-Oeste","DF",2020-04-25,24,1013,0,26
"Centro-Oeste","DF",2020-04-26,53,1066,1,27
"Centro-Oeste","DF",2020-04-27,80,1146,0,27
"Centro-Oeste","DF",2020-04-28,67,1213,1,28
"Centro-Oeste","DF",2020-04-29,62,1275,0,28
"Centro-Oeste","DF",2020-04-30,81,1356,2,30
"Centro-Oeste","DF",2020-05-01,110,1466,0,30
"Centro-Oeste","DF",2020-05-02,100,1566,1,31
"Centro-Oeste","DF",2020-05-03,83,1649,2,33
"Centro-Oeste","DF",2020-05-04,119,1768,0,33
"Centro-Oeste","DF",2020-05-05,50,1818,0,33
"Centro-Oeste","DF",2020-05-06,88,1906,1,34
"Centro-Oeste","DF",2020-05-07,352,2258,1,35
"Centro-Oeste","DF",2020-05-08,184,2442,2,37
"Centro-Oeste","DF",2020-05-09,134,2576,2,39
"Centro-Oeste","DF",2020-05-10,106,2682,3,42
"Centro-Oeste","DF",2020-05-11,101,2783,2,44
"Centro-Oeste","DF",2020-05-12,196,2979,2,46
"Centro-Oeste","DF",2020-05-13,213,3192,2,48
"Centro-Oeste","DF",2020-05-14,224,3416,3,51
"Centro-Oeste","DF",2020-05-15,371,3787,4,55
"Centro-Oeste","DF",2020-05-16,353,4140,1,56
"Centro-Oeste","DF",2020-05-17,228,4368,3,59
"Centro-Oeste","DF",2020-05-18,251,4619,7,66
"Centro-Oeste","DF",2020-05-19,234,4853,6,72
"Centro-Oeste","DF",2020-05-20,308,5161,5,77
"Centro-Oeste","DF",2020-05-21,381,5542,7,84
"Centro-Oeste","DF",2020-05-22,406,5948,6,90
"Centro-Oeste","DF",2020-05-23,303,6251,5,95
"Centro-Oeste","DF",2020-05-24,387,6638,9,104
"Centro-Oeste","DF",2020-05-25,292,6930,10,114
"Centro-Oeste","DF",2020-05-26,280,7210,10,124
"Centro-Oeste","DF",2020-05-27,551,7761,9,133
"Centro-Oeste","DF",2020-05-28,539,8300,9,142
"Centro-Oeste","DF",2020-05-29,422,8722,12,154
"Centro-Oeste","DF",2020-05-30,752,9474,8,162
"Centro-Oeste","DF",2020-05-31,306,9780,8,170
